Champion1_Blue,Champion2_Blue,Champion3_Blue,Champion4_Blue,Champion5_Blue,Champion1_Red,Champion2_Red,Champion3_Red,Champion4_Red,Champion5_Red,Result
Camille,Poppy,Qiyana,Tristana,Pantheon,Urgot,Brand,Twitch,Lucian,Milio,Red
Akali,Kayn,Ryze,Corki,Nautilus,Garen,Lillia,Leblanc,Jinx,Milio,Red
Camille,Sejuani,Hwei,Caitlyn,Rell,Jax,LeeSin,Lux,Jhin,Janna,Red
Camille,LeeSin,Hwei,Jhin,Sona,Vladimir,Skarner,Yasuo,Samira,Milio,Blue
Camille,JarvanIV,Xerath,Jhin,Nautilus,Jayce,Lillia,Lux,Seraphine,Senna,Red
Yone,Brand,Yasuo,Caitlyn,Janna,KSante,Taliyah,Talon,Lucian,Nami,Blue
Renekton,Skarner,Corki,Caitlyn,Janna,Teemo,LeeSin,Taliyah,Varus,Braum,Red
Yone,XinZhao,Jhin,Ahri,Ashe,Renekton,Lillia,Tristana,Caitlyn,Rell,Red
Darius,Brand,Corki,Ezreal,Pyke,Zac,Rumble,Tristana,Kalista,Bard,Blue
Volibear,Shyvana,Lux,Jinx,Leona,Zeri,LeeSin,Tristana,Kayle,Nautilus,Blue
Camille,Lillia,Zilean,Ashe,Janna,TwistedFate,Nunu,Tristana,Jhin,Zyra,Red
Darius,Nidalee,Ashe,Draven,Qiyana,Zilean,Lillia,Maokai,Lucian,Nami,Blue
Akshan,MasterYi,Tristana,Jinx,Thresh,Tryndamere,Gragas,Corki,Ashe,Sona,Red
Volibear,Kindred,Orianna,Jhin,Rumble,Tryndamere,Lillia,Zac,Varus,Camille,Blue
Jax,JarvanIV,Hwei,Varus,Thresh,Gragas,Nunu,Corki,Caitlyn,Morgana,Red
Qiyana,Taliyah,Lucian,Ziggs,Alistar,Aatrox,FiddleSticks,Ahri,Caitlyn,Nautilus,Blue
Renekton,Khazix,Leblanc,Kalista,Ashe,Vladimir,Lillia,Yasuo,Ezreal,Sona,Blue
KSante,Lillia,Taliyah,Jhin,Alistar,Volibear,Viego,Akali,MissFortune,Nautilus,Blue
Yasuo,Jax,Akali,Kalista,Hwei,Teemo,Belveth,Corki,Ashe,Swain,Blue
Yasuo,Shaco,Corki,Ashe,Senna,Garen,Zyra,Yone,Veigar,Caitlyn,Blue
Tryndamere,Taliyah,Heimerdinger,Yasuo,Yuumi,Garen,Diana,Corki,Ashe,Seraphine,Red
Darius,Gragas,Corki,Ashe,Illaoi,Jax,Gragas,Ahri,Vayne,Soraka,Red
Udyr,Rengar,Brand,Ashe,Blitzcrank,Gangplank,MasterYi,Corki,Jhin,Annie,Red
Mordekaiser,Zac,Corki,MissFortune,Zyra,Trundle,Ekko,Orianna,Caitlyn,Morgana,Blue
KSante,Kindred,Ahri,Lucian,Nami,Camille,Taliyah,Zed,Samira,Maokai,Red
Jax,Taliyah,Tristana,Xayah,Nautilus,Gragas,Vi,Orianna,Jhin,Leona,Blue
TwistedFate,Lillia,Hwei,Tristana,Leona,Renekton,Karthus,Ahri,Senna,Nautilus,Red
Shaco,Ashe,Leblanc,JarvanIV,Kalista,Camille,Sett,Hwei,Caitlyn,Thresh,Blue
Renekton,Jax,AurelionSol,Varus,Neeko,Samira,Kennen,Syndra,XinZhao,Alistar,Blue
Rumble,Viego,Azir,Senna,TahmKench,Gwen,JarvanIV,Orianna,Caitlyn,Nautilus,Blue
Jayce,XinZhao,Karma,Xayah,Milio,Darius,Rumble,AurelionSol,Jinx,Thresh,Red
Jax,Kindred,Galio,Caitlyn,Soraka,Akali,LeeSin,Syndra,Jhin,Nautilus,Blue
Vladimir,Khazix,Annie,Jhin,Senna,Yone,LeeSin,Syndra,Lucian,Rell,Blue
Draven,Zac,Rumble,Jinx,Pyke,Sett,Taliyah,Lux,Caitlyn,Rell,Red
Jax,Ivern,Akali,Jinx,Milio,Yone,LeeSin,Orianna,Varus,Xerath,Blue
Volibear,Zac,Corki,Samira,Leona,TwistedFate,Graves,Azir,Jinx,Alistar,Red
Zac,Vi,Taliyah,Vayne,Yuumi,Jax,Poppy,Katarina,Lucian,Sona,Red
Irelia,LeeSin,Lux,Twitch,Soraka,Gnar,Kindred,Taliyah,Varus,Rell,Blue
Camille,Volibear,Taliyah,Lucian,Nautilus,Aatrox,Ekko,Varus,Katarina,Nami,Blue
KSante,Rammus,Zac,Kaisa,Seraphine,TwistedFate,Lillia,Irelia,Varus,Ashe,Red
Skarner,Khazix,Taliyah,Corki,Thresh,Poppy,Kindred,Malphite,Seraphine,Sona,Blue
Volibear,Viego,Zac,Jinx,Seraphine,Singed,LeeSin,Corki,Qiyana,Ashe,Blue
Corki,Zac,Irelia,Rumble,Nami,Volibear,Nidalee,Talon,Senna,Nautilus,Red
Viego,Zac,Taliyah,Jhin,Nautilus,Gwen,Graves,Lux,Kalista,Poppy,Blue
KSante,Kindred,Syndra,Kalista,Rumble,Volibear,Brand,Gragas,Lucian,Nami,Blue
Fiora,Karthus,Ryze,Varus,Rakan,Volibear,Kindred,Fizz,Jinx,Camille,Red
Irelia,Taliyah,Vex,Varus,Milio,Gwen,Khazix,Yasuo,Kalista,Sona,Red
Sion,Shaco,Hwei,Jinx,Milio,Camille,Brand,Tristana,Corki,Pyke,Blue
Kindred,Vayne,Diana,Caitlyn,Lux,DrMundo,Gragas,Tryndamere,Tristana,Thresh,Blue
Vladimir,Nidalee,Akshan,Caitlyn,Milio,Jax,JarvanIV,Akali,Corki,Xerath,Red
Ezreal,Senna,Ahri,Diana,Nautilus,Gragas,Corki,Rumble,Jinx,Thresh,Blue
Draven,JarvanIV,Xerath,Caitlyn,Nami,Malphite,Rumble,Kalista,Lucian,Milio,Red
Rumble,Poppy,Corki,MissFortune,Seraphine,Camille,JarvanIV,Hwei,Samira,Blitzcrank,Blue
Camille,Nidalee,Annie,Kalista,Nautilus,LeeSin,Rammus,Taliyah,Lucian,Nami,Red
Leona,Diana,TwistedFate,Caitlyn,Yasuo,Tristana,Rumble,Renekton,Jhin,Hwei,Blue
MonkeyKing,Zyra,Vladimir,Caitlyn,Xerath,Viktor,JarvanIV,Katarina,Lucian,Nami,Red
KSante,Viego,Ahri,Lux,Soraka,Gnar,Nidalee,Tristana,Lucian,Nami,Red
Gnar,Kindred,Hwei,Jhin,Janna,TwistedFate,Lillia,Tristana,Draven,Nautilus,Red
Graves,Diana,Talon,Twitch,Janna,Ashe,Taliyah,Irelia,Corki,Soraka,Blue
KSante,Karthus,Corki,Aphelios,Janna,Zilean,Taliyah,Irelia,Caitlyn,Ashe,Red
Renekton,Evelynn,Zed,Caitlyn,Qiyana,Darius,Zeri,Morgana,Zilean,Janna,Blue
Akali,Khazix,Leblanc,Caitlyn,Leona,Riven,LeeSin,Viktor,Varus,Lux,Blue
Warwick,Lillia,Hwei,Lucian,Nami,Ryze,Rengar,Ivern,Kalista,Ashe,Blue
Tryndamere,Khazix,Viktor,Draven,MissFortune,Hwei,LeeSin,Sivir,Sion,Sona,Red
Viktor,Taliyah,Gnar,Kalista,Nautilus,Jayce,Jax,Zilean,Ziggs,Alistar,Red
Volibear,Zed,Hwei,Veigar,Rell,Renekton,Brand,Corki,MissFortune,Seraphine,Red
Kennen,Rengar,Tristana,Aphelios,Lulu,Gragas,Jax,Corki,Draven,Nami,Red
Aatrox,Taliyah,TwistedFate,Samira,Blitzcrank,Camille,Brand,Cassiopeia,Lucian,Nami,Red
Renekton,Corki,Elise,Varus,Leona,KSante,MasterYi,Annie,Jhin,Nautilus,Blue
Poppy,Jax,Hwei,Kalista,Rumble,Kennen,Udyr,Corki,Jhin,Xerath,Blue
Camille,Udyr,Tristana,Zeri,Pyke,Warwick,Nidalee,Corki,KogMaw,Braum,Blue
Aatrox,Taliyah,Corki,Zeri,Rell,Gragas,Udyr,Orianna,Caitlyn,Braum,Blue
Mordekaiser,Kindred,Corki,Aphelios,Seraphine,Camille,Briar,Talon,Xerath,Senna,Red
Malphite,Khazix,Gragas,Jhin,Corki,Talon,Lillia,Sylas,Zeri,Janna,Red
Gnar,Taliyah,Talon,Karthus,Zyra,Trundle,Nidalee,Akshan,Jhin,Bard,Blue
Camille,Shen,Orianna,Jhin,Nami,Aatrox,Graves,Syndra,Caitlyn,Rumble,Red
Kennen,JarvanIV,Ahri,Jhin,Seraphine,Aatrox,Taliyah,Irelia,Zeri,Lulu,Blue
Skarner,Lillia,Irelia,Zeri,Lulu,KSante,Viego,Hwei,Jinx,Nautilus,Red
Nasus,Nidalee,Zed,Draven,Milio,Gwen,Rumble,Tristana,Twitch,Rakan,Red
Darius,Shyvana,Zac,Corki,Nami,Leblanc,Nidalee,Tristana,Caitlyn,Pyke,Blue
Olaf,Kindred,Leblanc,Twitch,Milio,DrMundo,LeeSin,Qiyana,Jhin,Leona,Blue
KSante,Viego,Ahri,Corki,Rell,Aatrox,Lillia,Tristana,Jinx,Leona,Red
Quinn,LeeSin,TwistedFate,Aphelios,Rell,Jax,Taliyah,Corki,Twitch,Janna,Blue
Sion,Nunu,Corki,Draven,Zyra,Volibear,Taliyah,Zed,Lucian,Sona,Red
Camille,Skarner,Neeko,Corki,Nautilus,Gwen,LeeSin,Leblanc,Caitlyn,Braum,Red
Malphite,Lillia,Zed,Jinx,Milio,TwistedFate,Sylas,AurelionSol,Draven,Thresh,Red
Vayne,MasterYi,Orianna,Samira,Janna,Kayle,Taliyah,Qiyana,Tristana,Braum,Blue
Briar,Skarner,Rumble,Jinx,Rell,Camille,Taliyah,Tristana,Corki,Alistar,Blue
Jax,Rumble,Tristana,Jinx,Lulu,Warwick,Viego,Diana,Twitch,Annie,Red
Quinn,Nidalee,Corki,Caitlyn,Nautilus,Skarner,Brand,Taliyah,Kalista,Alistar,Blue
Akali,Khazix,TwistedFate,Corki,Nautilus,Jax,Brand,Rakan,Jhin,Rell,Blue
Singed,Karthus,Katarina,Caitlyn,Braum,Camille,Khazix,Neeko,Kalista,Renata,Red
Olaf,Viego,Ahri,Jinx,Seraphine,Volibear,Graves,Veigar,Kalista,Rell,Red
Camille,Viego,Viktor,Aphelios,Seraphine,Jax,Graves,Akali,Jinx,Rell,Red
Gnar,Viego,Orianna,Lucian,Nami,Neeko,Taliyah,Corki,Samira,Rell,Red
Garen,Lillia,Yasuo,Lucian,Nami,Volibear,Taliyah,Talon,Caitlyn,Sona,Red
Kennen,Hecarim,Yasuo,Caitlyn,Morgana,Irelia,LeeSin,Katarina,Twitch,Thresh,Red
Camille,Ivern,Malzahar,Corki,Seraphine,Skarner,Graves,Leblanc,Lucian,Nautilus,Blue
Skarner,Kayn,Ahri,Draven,Braum,Camille,MasterYi,Taliyah,Jinx,Milio,Red
Gragas,Graves,Orianna,Varus,Leona,Rumble,Kayn,Garen,Caitlyn,Nautilus,Blue
TwistedFate,JarvanIV,Galio,Corki,Nami,Jax,Poppy,Katarina,Varus,Ashe,Blue
Rumble,LeeSin,Pantheon,Jinx,Thresh,KSante,Viego,Hwei,Samira,Janna,Red
TwistedFate,Nidalee,Tristana,Jinx,Braum,Jax,Taliyah,Leblanc,Aphelios,Thresh,Red
Camille,Nunu,Syndra,Varus,Braum,Urgot,Taliyah,Kassadin,Zeri,Alistar,Red
Rumble,Viego,Zed,Caitlyn,Nami,Camille,Volibear,Leblanc,Jinx,Soraka,Red
Gnar,Nidalee,Lux,Caitlyn,Corki,Urgot,Graves,Sylas,Kaisa,Neeko,Blue
Sylas,Viego,Brand,Kaisa,Annie,Jax,LeeSin,Syndra,Senna,Nautilus,Red
Sion,Graves,Vladimir,Ezreal,Karma,Vayne,LeeSin,Viktor,Singed,Nautilus,Blue
Vayne,MasterYi,Taliyah,Lucian,Milio,Camille,Neeko,Karthus,Jhin,Thresh,Red
Camille,Diana,Corki,Jhin,Braum,Darius,Taliyah,Graves,Caitlyn,Bard,Red
Mordekaiser,Evelynn,Quinn,Corki,Hwei,Kayle,Taliyah,Akali,Jinx,Sona,Red
Garen,Kindred,Hwei,KogMaw,Soraka,Ornn,Velkoz,Rammus,Jinx,Milio,Blue
Renekton,Taliyah,Quinn,Caitlyn,Hwei,Ryze,Graves,Qiyana,Jinx,Sona,Red
Riven,Jax,Akali,Kaisa,Sona,Ryze,Kindred,Swain,Jinx,Blitzcrank,Blue
Darius,Morgana,Jayce,Ezreal,Skarner,Camille,LeeSin,Azir,Caitlyn,Karma,Blue
Illaoi,Viego,Ahri,Caitlyn,Pyke,Smolder,Rammus,Jhin,Tristana,Rumble,Red
Katarina,XinZhao,Hwei,Caitlyn,Zyra,Volibear,Viego,Akali,Jinx,Nautilus,Red
Camille,LeeSin,Taliyah,Caitlyn,Lux,Soraka,Nidalee,Volibear,Draven,Pyke,Blue
Camille,Rammus,Tristana,Aphelios,Soraka,Mordekaiser,Lillia,Zed,Lucian,Nami,Blue
Tryndamere,Talon,Leblanc,Vladimir,Alistar,Corki,Lillia,Zed,Samira,Blitzcrank,Red
Aatrox,Graves,Taliyah,Senna,Nautilus,KSante,Gragas,Qiyana,Caitlyn,TahmKench,Blue
Jayce,Brand,Draven,Tristana,Nami,Illaoi,Nidalee,Taliyah,Ashe,Lulu,Red
Aatrox,Taliyah,Vex,Zeri,Sona,TwistedFate,Khazix,Leblanc,Lucian,Seraphine,Blue
Camille,Poppy,AurelionSol,Lucian,Nami,Malphite,Viego,Orianna,Twitch,Nautilus,Blue
Jayce,Taliyah,Lissandra,Jhin,Thresh,KSante,MasterYi,Leblanc,Corki,Nautilus,Red
Gnar,JarvanIV,Syndra,Caitlyn,Karma,Pantheon,Gwen,Kalista,Jhin,Blitzcrank,Red
Teemo,MasterYi,Skarner,Zeri,Lulu,Ornn,Viego,Akali,Jhin,Alistar,Red
Briar,Taliyah,Syndra,Caitlyn,Thresh,Mordekaiser,Khazix,Zoe,Corki,Nami,Blue
Fiora,Graves,Katarina,Kalista,Ashe,Rammus,LeeSin,Taliyah,Varus,Braum,Red
Soraka,Taliyah,Tristana,Jhin,Alistar,Yasuo,Diana,Yone,Aphelios,Rell,Red
Jhin,Sylas,Syndra,Skarner,Ashe,Qiyana,Taliyah,Vayne,Tristana,Taric,Blue
Renekton,Taliyah,Ahri,Jhin,Nautilus,Camille,Shyvana,Veigar,Twitch,Rell,Red
Gnar,Lillia,Gragas,Jinx,Nautilus,TwistedFate,Taliyah,Qiyana,Twitch,Braum,Blue
Zed,LeeSin,Azir,Aphelios,Thresh,Heimerdinger,Skarner,Corki,Veigar,Alistar,Red
Volibear,Brand,Taliyah,Draven,Nautilus,Kennen,Rammus,Orianna,Jinx,Hwei,Red
Camille,Taliyah,Tryndamere,Jhin,Nautilus,Shen,Brand,Qiyana,KogMaw,Sona,Blue
Gwen,Rammus,AurelionSol,Jhin,Leona,Skarner,Viego,TwistedFate,MissFortune,Alistar,Red
Jayce,Lillia,Yasuo,Jinx,Nautilus,Camille,Gwen,Taliyah,Kalista,Pantheon,Blue
KSante,Shaco,Malzahar,Jinx,Janna,Camille,JarvanIV,AurelionSol,Aphelios,Soraka,Red
Illaoi,Vi,Ahri,Lucian,Nami,Gwen,Graves,Kassadin,Ashe,Skarner,Red
Sett,Viego,Kassadin,Lucian,Nami,Gangplank,Kindred,Yasuo,Seraphine,Lux,Red
Illaoi,Viego,Kassadin,Kalista,Renata,Fiora,Poppy,Yone,Brand,Nami,Blue
Fiora,Vi,Malzahar,Kaisa,Thresh,Camille,Brand,Viktor,Tristana,Yuumi,Blue
Aatrox,Taliyah,Yone,Lulu,Seraphine,Camille,Nidalee,Kassadin,Jhin,Nautilus,Red
Sett,Briar,Akali,Jinx,Taric,Yone,Karthus,Skarner,Ashe,Zoe,Red
Zac,Morgana,Yasuo,Jinx,Sona,Sett,Graves,Ahri,Caitlyn,Milio,Blue
Jax,Viego,Azir,Lucian,Alistar,Gragas,Twitch,Zed,Draven,Leona,Red
Soraka,Nidalee,LeeSin,Jhin,Ashe,Jayce,JarvanIV,Zed,Kaisa,Pyke,Blue
Urgot,Kindred,Sylas,Varus,Milio,Gnar,Jax,Zed,Ziggs,Rell,Red
Vayne,Nidalee,Tryndamere,Corki,Rell,KSante,Kindred,Zoe,Ashe,Alistar,Red
Camille,Viego,Tristana,Seraphine,Soraka,Kayle,LeeSin,Zoe,Senna,Ornn,Blue
Camille,Rammus,AurelionSol,Lucian,Janna,Renekton,Viego,Sylas,Seraphine,Sona,Red
Gwen,Viego,Renekton,Jhin,Karma,Kayle,Kindred,Taliyah,Draven,Renata,Red
KSante,Lillia,Tristana,Lucian,Blitzcrank,Kayle,Taliyah,Kindred,Ashe,Milio,Blue
Trundle,Udyr,Zed,Aphelios,Rumble,KSante,Taliyah,Thresh,Caitlyn,Cassiopeia,Blue
Ryze,Viego,Yasuo,Hwei,Zac,Camille,Belveth,Ahri,Corki,Poppy,Red
Camille,Zyra,Orianna,Jinx,Zac,Ryze,LeeSin,Taliyah,Varus,Poppy,Red
Tryndamere,JarvanIV,Vladimir,Jhin,Karma,Jax,Viego,Corki,Xayah,Thresh,Red
Mordekaiser,Udyr,Malzahar,Varus,Rumble,Vladimir,Kindred,Cassiopeia,Kaisa,Thresh,Blue
Riven,Taliyah,Tristana,Ezreal,Seraphine,Khazix,Fiora,Leblanc,Kalista,Neeko,Red
Gragas,Maokai,Qiyana,Twitch,Alistar,Quinn,Viego,Lillia,Draven,Lulu,Blue
Quinn,Nautilus,Gangplank,Kaisa,Amumu,Karma,Sylas,Irelia,Corki,Alistar,Red
Sylas,Kindred,Akshan,Jhin,Lulu,Malphite,Lillia,Anivia,Jinx,Thresh,Red
Camille,Viego,Taliyah,Jhin,Bard,Jax,Graves,Hwei,Zeri,Nautilus,Blue
Renekton,Ekko,Taliyah,Jhin,Nautilus,Jayce,LeeSin,Vladimir,Jinx,Thresh,Red
Tryndamere,Nidalee,Naafiri,Veigar,Milio,Jax,LeeSin,Fizz,Draven,Rell,Red
Tryndamere,LeeSin,Viktor,Jhin,Thresh,Jax,Viego,Orianna,Kaisa,Rell,Red
Skarner,Brand,Tristana,Jhin,Pyke,Jayce,Lillia,Viego,Aphelios,Lulu,Blue
Kennen,Kindred,Illaoi,Veigar,Milio,Viego,Nidalee,Kaisa,Ahri,Nautilus,Blue
Illaoi,LeeSin,Syndra,Jhin,Rell,Aatrox,Viego,Ahri,Aphelios,Sona,Blue
Yorick,Brand,Aphelios,Vayne,Milio,Aatrox,Nidalee,Irelia,Zeri,Thresh,Blue
Sion,Elise,Orianna,Caitlyn,TwistedFate,Kayle,Nocturne,Taliyah,Vayne,Lux,Blue
Fiora,Taliyah,TwistedFate,Senna,Thresh,Volibear,LeeSin,Diana,Kaisa,Shaco,Red
Sett,Shaco,Tristana,Jhin,Taliyah,Yasuo,Kayn,Qiyana,Aphelios,Lux,Blue
Heimerdinger,Shaco,Akali,Caitlyn,Taliyah,Darius,Rammus,Viego,Aphelios,Leona,Blue
Quinn,Volibear,Tristana,Zeri,Alistar,Riven,Kindred,TwistedFate,Caitlyn,Karma,Red
Camille,Lillia,Tristana,Jhin,Bard,Urgot,Kayn,Rumble,Jinx,Soraka,Blue
Renekton,Lillia,Tristana,Kalista,Soraka,Irelia,Khazix,Rell,Varus,Leblanc,Blue
Chogath,Kindred,Zoe,Caitlyn,Varus,Renekton,Viego,Ahri,Ashe,Rumble,Blue
Viktor,Graves,Soraka,Kassadin,Nunu,Volibear,LeeSin,Skarner,Ashe,Rumble,Red
Camille,Graves,Akali,Caitlyn,Ashe,Malphite,LeeSin,Orianna,Tristana,Rakan,Red
Camille,Jax,TwistedFate,Lucian,Zilean,Riven,Viego,Tristana,Caitlyn,Ashe,Blue
Lucian,Nocturne,TwistedFate,Malphite,Rell,Renekton,Lillia,Kalista,Jinx,Poppy,Blue
Jax,Nidalee,Rammus,Jinx,Seraphine,Gragas,Kindred,Zed,Kaisa,Rell,Red
Kayle,Kayn,Hwei,Jinx,Thresh,Vayne,Kindred,Taliyah,Aphelios,Rell,Red
Viego,RekSai,Orianna,Tristana,Thresh,Teemo,Taliyah,Syndra,Jinx,Rell,Red
Yone,Diana,Tristana,Varus,Soraka,Sett,Viego,Sylas,Kaisa,Rell,Red
Jax,Hecarim,Syndra,Kalista,Pyke,Jinx,JarvanIV,AurelionSol,Gragas,Thresh,Red
Fiora,LeeSin,Leblanc,Seraphine,Sona,Ezreal,MasterYi,Ahri,KSante,Janna,Blue
Gangplank,Shaco,Azir,Kalista,Pyke,Irelia,Graves,AurelionSol,Draven,Thresh,Red
Mordekaiser,Khazix,Orianna,Varus,Renata,Riven,Viego,Taliyah,MissFortune,Rell,Red
Volibear,Viego,Ahri,Jhin,Rakan,Zac,Kindred,Karthus,Draven,Rell,Red
Warwick,LeeSin,Hwei,Kaisa,Nautilus,Zac,Lillia,Yasuo,Jhin,Karma,Red
Vayne,RekSai,Akshan,Jhin,Bard,Zac,Karthus,Yasuo,Sivir,Karma,Red
Sion,Brand,Tristana,Zeri,Rakan,Zac,Viego,Taliyah,Smolder,Renata,Red
Jayce,Taliyah,Viego,Jinx,Seraphine,DrMundo,Jax,Akshan,Corki,Annie,Red
Ryze,JarvanIV,Tristana,Aphelios,Taric,Irelia,Taliyah,Yone,Jinx,Lulu,Red
Mordekaiser,Graves,Orianna,Corki,Camille,JarvanIV,Kindred,Ahri,Caitlyn,Lux,Blue
Jax,Nidalee,Akshan,Aphelios,Rell,Viego,Kindred,Leblanc,Jinx,TahmKench,Blue
Pantheon,Taliyah,Tristana,Kalista,Rakan,Jax,Nidalee,Corki,Ashe,Milio,Red
Gragas,LeeSin,Tristana,Jhin,Leona,Kalista,RekSai,Taliyah,Aphelios,Soraka,Red
Zac,Vi,Yone,Lucian,Rell,Aatrox,Khazix,AurelionSol,Jhin,Blitzcrank,Red
Gnar,Amumu,Lux,Caitlyn,Karma,Zac,Lillia,Orianna,Aphelios,Milio,Red
Vladimir,Hecarim,Galio,Vayne,Janna,Jhin,Lillia,Corki,TwistedFate,Senna,Red
Taliyah,Kayn,Rengar,Seraphine,Janna,Tryndamere,Udyr,Syndra,Corki,Rell,Blue
Ziggs,Rengar,Tristana,TahmKench,Sona,Poppy,Hecarim,Zac,Qiyana,Rell,Blue
Skarner,Viego,Taliyah,Jhin,Rell,Jayce,Hecarim,Ahri,Kaisa,Lux,Blue
Kaisa,Taliyah,Zed,Ziggs,Karma,Jayce,Lillia,Corki,Jhin,Thresh,Red
Aatrox,Nunu,Veigar,Varus,Soraka,Camille,Hecarim,Taliyah,Samira,Rell,Red
Volibear,Viego,AurelionSol,Caitlyn,Milio,Renekton,Nidalee,Yone,Jhin,Seraphine,Red
Jax,Ivern,Kalista,Caitlyn,Ashe,Poppy,Khazix,Orianna,Jhin,Blitzcrank,Red
KSante,Zyra,Vladimir,Senna,Nautilus,Vayne,LeeSin,Taliyah,Jinx,Thresh,Blue
Aatrox,Nidalee,Vladimir,Aphelios,Alistar,Irelia,Kindred,Cassiopeia,Senna,Varus,Blue
Garen,Ivern,Tristana,Aphelios,Thresh,Zac,Brand,Akshan,Jhin,Blitzcrank,Blue
Riven,Hecarim,Viktor,Corki,Shen,Camille,Lillia,Kalista,Ezreal,Yuumi,Red
Renekton,Skarner,Lux,Corki,Milio,Malzahar,Warwick,Tristana,Caitlyn,Neeko,Blue
KSante,JarvanIV,Anivia,Lucian,Nami,Poppy,Gragas,Corki,Kaisa,Pyke,Red
Irelia,Kindred,AurelionSol,Kaisa,Braum,Gnar,Skarner,Tristana,Caitlyn,Karma,Red
Jax,Maokai,Tristana,Zeri,Poppy,Camille,Rengar,Azir,Lucian,Nami,Red
Camille,Rengar,Malphite,Twitch,Rell,Corki,Brand,Sylas,Kalista,Poppy,Red
KogMaw,Belveth,Irelia,Corki,Janna,Camille,Skarner,Taliyah,Jinx,Lulu,Red
Darius,MasterYi,Zilean,Varus,Sona,TwistedFate,Gragas,AurelionSol,Draven,Senna,Red
Riven,Khazix,Hwei,Caitlyn,Janna,Poppy,Graves,Corki,Xayah,Lux,Red
Renekton,Viego,Leblanc,Corki,Lulu,Rumble,Lillia,Tristana,Caitlyn,Nautilus,Red
Sett,Kindred,Taliyah,Aphelios,Milio,Jayce,Poppy,Ahri,Hwei,Senna,Red
Ryze,Rammus,Lucian,Caitlyn,Zyra,Jayce,Lillia,Tristana,Twitch,Yuumi,Blue
Gnar,XinZhao,Tristana,Varus,Corki,Tryndamere,Nidalee,Hwei,Draven,Nautilus,Red
Volibear,LeeSin,AurelionSol,Tristana,Ashe,Vayne,Rumble,Qiyana,Draven,Poppy,Blue
Singed,Karthus,Katarina,Caitlyn,Braum,Camille,Khazix,Neeko,Kalista,Renata,Red
TwistedFate,Hecarim,AurelionSol,Xayah,Rakan,Jax,Rammus,Taliyah,Kalista,Rell,Red
Kayle,Lillia,Hwei,Varus,Rumble,Camille,LeeSin,Viktor,Caitlyn,Ashe,Red
Camille,Lillia,Zilean,Kalista,Lulu,Corki,Skarner,Kassadin,Yone,Rell,Blue
Singed,Brand,Katarina,Jhin,Pyke,Yorick,Diana,Corki,Zeri,Lulu,Blue
Anivia,LeeSin,Lucian,TwistedFate,Nami,Sejuani,Viego,Taliyah,Zeri,Yuumi,Red
Jayce,Diana,Yasuo,Taliyah,Kalista,Aatrox,Viego,Katarina,Varus,Ashe,Red
Renekton,Viego,Yone,Samira,Rakan,Quinn,JarvanIV,Tristana,Sivir,Lulu,Red
Kalista,Nidalee,Jayce,Ornn,Ashe,KSante,Brand,Tristana,Draven,Pyke,Red
Aatrox,Karthus,Hwei,Corki,Poppy,Kled,Lillia,Tristana,Kaisa,Morgana,Blue
Qiyana,Kindred,Katarina,Lux,Soraka,Lucian,Brand,Zilean,Nilah,Camille,Blue
Riven,Gragas,Kalista,Ahri,Blitzcrank,Qiyana,Taliyah,Tristana,Seraphine,Thresh,Red
Riven,RekSai,Taliyah,Jinx,Lulu,KSante,FiddleSticks,Tristana,Lucian,Nami,Blue
Jinx,Kindred,Taliyah,Skarner,Thresh,Vayne,Khazix,Azir,Kaisa,Rell,Blue
Fiora,Graves,Katarina,Kalista,Ashe,Rammus,LeeSin,Taliyah,Varus,Braum,Red
Aatrox,Graves,Vladimir,Caitlyn,Lux,Skarner,Viego,AurelionSol,Kalista,Blitzcrank,Red
Renekton,Kayn,Azir,Samira,Nautilus,Jax,Karthus,Akshan,Caitlyn,Alistar,Red
Gragas,Kindred,Viktor,Jhin,Soraka,Warwick,Khazix,Samira,Taliyah,Braum,Red
Akali,Elise,Yasuo,Ezreal,Blitzcrank,Gragas,Graves,Ahri,Lucian,Milio,Red
Renekton,Skarner,AurelionSol,Corki,Sona,Lulu,Kindred,Taliyah,Tristana,Camille,Red
Aphelios,Nunu,Orianna,Urgot,Rell,Fiora,Kindred,TwistedFate,Karthus,Senna,Red
Malzahar,Khazix,Leblanc,Kaisa,Thresh,Rumble,Zyra,Yone,Kalista,Ashe,Red
Gwen,Viego,Renekton,Jhin,Karma,Kayle,Kindred,Taliyah,Draven,Renata,Red
Camille,RekSai,Ahri,Veigar,Alistar,Rumble,Skarner,Tristana,Corki,Sona,Red
Renekton,Karthus,Ahri,Yasuo,Rakan,Thresh,LeeSin,Taliyah,Aphelios,Yone,Blue
Kled,MonkeyKing,Cassiopeia,Caitlyn,Ashe,Garen,Nidalee,Tristana,Jhin,Janna,Red
Akshan,MasterYi,Zac,Draven,Renata,KSante,Nidalee,Tristana,Jinx,Thresh,Red
Rumble,Maokai,Vayne,Draven,Nautilus,Pantheon,Nidalee,Tristana,Jinx,Alistar,Red
Lillia,Rengar,Lux,Kaisa,Blitzcrank,Sett,Nidalee,Tristana,Caitlyn,Morgana,Red
Quinn,JarvanIV,TwistedFate,Varus,Renata,Skarner,Nidalee,Tristana,Kaisa,Rakan,Blue
Skarner,Nidalee,Tristana,Taliyah,Thresh,Vayne,Kayn,Akali,Jhin,Milio,Blue
KSante,Kindred,Akali,Aphelios,Galio,Garen,FiddleSticks,Tristana,Lux,Morgana,Blue
Renekton,Lillia,Talon,Kaisa,Nautilus,Viego,Taliyah,Tristana,Varus,Pantheon,Red
Renekton,Taliyah,Ahri,Jinx,Milio,Singed,LeeSin,Leblanc,Twitch,Soraka,Blue
Aatrox,Evelynn,Yasuo,Jhin,Janna,Camille,Diana,Akali,Lucian,Milio,Red
Camille,Nidalee,Jayce,Draven,Nautilus,Renekton,Taliyah,Tristana,Aphelios,Alistar,Red
Renekton,Evelynn,Tristana,Lucian,Nami,Corki,Kindred,Viego,Kalista,Nautilus,Blue
Camille,Khazix,Taliyah,Draven,Nami,Tristana,Viego,Ahri,Zeri,Lulu,Red
Renekton,Nunu,Leblanc,Kalista,Alistar,Camille,Kindred,Neeko,Xayah,Soraka,Red
Urgot,Rumble,Leblanc,Aphelios,Thresh,Camille,Kindred,Orianna,Xayah,Rakan,Red
KSante,Khazix,Taliyah,MissFortune,Nami,Vayne,LeeSin,Akali,Draven,Nautilus,Blue
Riven,Sejuani,Leblanc,Ashe,Thresh,Vayne,Lillia,Tristana,Zeri,Pyke,Red
TwistedFate,Sejuani,Sylas,Varus,Ashe,Tristana,Nidalee,Jayce,Singed,Rakan,Red
Lux,LeeSin,Akali,Kaisa,TahmKench,Illaoi,Brand,Tristana,Zeri,Rakan,Red
Darius,Talon,Akali,Aphelios,Milio,Warwick,Udyr,AurelionSol,Draven,Pyke,Red
Camille,Nunu,Hwei,Jinx,Braum,Jayce,Gragas,Talon,Draven,Rumble,Red
Jax,Nidalee,Akshan,Aphelios,Rell,Viego,Kindred,Leblanc,Jinx,TahmKench,Blue
Briar,Brand,Qiyana,Zeri,Annie,Aatrox,RekSai,Taliyah,Lucian,Nami,Red
Camille,Vi,Syndra,Draven,Blitzcrank,Darius,Brand,Tristana,Corki,Milio,Red
Rumble,Viego,Yasuo,Twitch,Lulu,Olaf,Jax,Taliyah,Jinx,Blitzcrank,Red
TwistedFate,Sett,Sylas,Jhin,Bard,Rumble,Ivern,Jinx,AurelionSol,Nautilus,Red
Camille,Karthus,Akshan,KogMaw,Braum,Jax,Brand,Tristana,Kaisa,Zac,Red
Ryze,Lillia,Lucian,Varus,Zyra,Orianna,Diana,Tristana,Caitlyn,Nami,Red
Riven,Diana,Tristana,Draven,Rumble,Ryze,Viego,Zilean,Vayne,Lulu,Blue
Camille,Nunu,Leblanc,Draven,Milio,Chogath,Graves,Karthus,KogMaw,Bard,Red
Ryze,Ivern,Xerath,Twitch,Janna,Vayne,Rammus,Hwei,Jinx,Pyke,Red
Aatrox,Vi,Tristana,AurelionSol,Senna,Renekton,XinZhao,Hwei,Ashe,Braum,Red
Akali,Khazix,Corki,Jhin,Leona,Gragas,Karthus,Tristana,Kalista,Nautilus,Red
Jax,Ivern,Zed,KogMaw,Lulu,KSante,Karthus,Tristana,Jinx,Seraphine,Blue
Jayce,Sylas,Taliyah,Kalista,Maokai,KSante,TwistedFate,Nidalee,Ezreal,Ashe,Red
Leblanc,Viego,Vayne,Zeri,Alistar,Kennen,Xayah,Olaf,Taliyah,Rell,Blue
Velkoz,Olaf,Sivir,Jayce,Lux,Aatrox,Irelia,Graves,Morgana,Kaisa,Red
KSante,Viego,Leblanc,Caitlyn,Ashe,Camille,JarvanIV,Azir,Ezreal,Pyke,Blue
Zac,Nidalee,Taliyah,Varus,Ashe,Skarner,LeeSin,Hwei,Draven,Alistar,Red
Gragas,Graves,Cassiopeia,Kalista,Ezreal,Aatrox,Taliyah,Qiyana,Swain,Rell,Red
Ryze,Vi,Taliyah,Nilah,Soraka,Teemo,Viego,Hwei,Lucian,Nami,Red
Yasuo,Aphelios,Zac,Skarner,Morgana,Irelia,Annie,Darius,Ezreal,Azir,Red
Yuumi,Viktor,Thresh,Senna,Mordekaiser,Sivir,Xerath,Anivia,Caitlyn,Gangplank,Blue
Darius,Vi,Azir,Varus,Neeko,KSante,Akali,Viego,Ezreal,Nautilus,Red
Skarner,Viego,Ahri,Kaisa,Blitzcrank,Ezreal,XinZhao,Azir,Gragas,Rell,Red
Renekton,Jax,Leblanc,Draven,Alistar,Sylas,Viego,Tristana,Varus,Lulu,Red
Aatrox,Khazix,Vladimir,Twitch,Karma,Zed,Yasuo,Taliyah,Ezreal,Leona,Red
Olaf,Belveth,Kassadin,Rumble,Varus,Taliyah,LeeSin,Gragas,Jinx,Karma,Red
Riven,Kindred,Ahri,Varus,Nautilus,Rumble,Khazix,Taliyah,Jinx,Braum,Blue
KSante,Sylas,Twitch,Varus,Nautilus,Ornn,LeeSin,AurelionSol,Jinx,Renata,Red
Gnar,LeeSin,Fizz,Draven,Braum,Riven,Vi,Taliyah,Ezreal,Hwei,Red
Camille,Skarner,Hwei,Zeri,Lulu,Renekton,LeeSin,Leblanc,Jinx,Milio,Blue
Vayne,Brand,Hwei,Zeri,Nautilus,Gnar,Rammus,Taliyah,Lucian,Milio,Red
Jax,Khazix,Ahri,Jinx,Ashe,Akali,Kindred,Ryze,Kalista,Janna,Blue
Aatrox,Jax,Azir,Jinx,Bard,KSante,Riven,Hwei,Varus,Renata,Blue
Jax,Vi,Ahri,Kaisa,Blitzcrank,Darius,LeeSin,AurelionSol,Jinx,Thresh,Red
Jax,LeeSin,Orianna,Lucian,Nami,Darius,Volibear,Taliyah,Zeri,Sona,Blue
Riven,Poppy,Tristana,Varus,Rakan,Ryze,Jax,Azir,Kalista,Neeko,Red
Irelia,Khazix,Taliyah,Azir,Senna,Urgot,LeeSin,Kassadin,Jinx,Lulu,Blue
Ryze,Khazix,Ahri,Jinx,Nautilus,Pantheon,Rammus,Yone,Karthus,TwistedFate,Blue
Sett,Rammus,Katarina,Lucian,Nami,Vayne,Vi,Ashe,Hwei,Rumble,Red
Renekton,Khazix,Lux,Varus,Blitzcrank,Akali,Rengar,Azir,MissFortune,Janna,Red
Mordekaiser,LeeSin,Irelia,Draven,Nautilus,Akali,Nidalee,Tristana,Yasuo,Janna,Red
Draven,Nami,Jayce,Smolder,Ivern,Vex,Samira,LeeSin,AurelionSol,Lissandra,Blue
Yone,Singed,Taliyah,Varus,Nautilus,RekSai,Kindred,Hwei,Ashe,Karma,Blue
Garen,Jax,Diana,Jinx,Zac,Riven,Brand,Tristana,Kaisa,Alistar,Blue
Vladimir,Sejuani,Sylas,Zeri,Pyke,Urgot,Jax,Ziggs,Lucian,Nami,Red
TwistedFate,Jax,Taliyah,Kaisa,Nautilus,Garen,LeeSin,Ahri,Kalista,Janna,Blue
Riven,Viego,Taliyah,Ezreal,Blitzcrank,Renekton,Jax,Leblanc,Ashe,Janna,Blue
Renekton,Varus,Lux,Graves,Karma,Fiora,Evelynn,Tristana,Kalista,Galio,Red
Teemo,LeeSin,Tristana,Jhin,Neeko,Fiora,Rumble,Orianna,Varus,Ashe,Red
Jax,Kindred,Ahri,Kalista,Renata,Riven,Khazix,Ashe,Neeko,Alistar,Red
TwistedFate,LeeSin,Kassadin,Tristana,Rell,Jax,Nidalee,Sylas,Kalista,Nautilus,Blue
Aatrox,Zeri,Braum,Xayah,Sylas,Galio,Vi,Akali,Varus,Nautilus,Blue
Jayce,Jax,Taliyah,Varus,Ashe,Olaf,Sejuani,Sylas,Nilah,Soraka,Red
Kayle,LeeSin,Karma,Lucian,Nami,TwistedFate,Kindred,Leblanc,Jinx,Rumble,Blue
Volibear,Jayce,Taliyah,Ezreal,Bard,TwistedFate,Jax,Ahri,Kaisa,Alistar,Red
Rumble,Warwick,Galio,Draven,Nautilus,Jax,Vi,Taliyah,Kaisa,Rell,Red
Renekton,Poppy,AurelionSol,Draven,Nautilus,Rumble,LeeSin,Diana,Lucian,Nami,Red
Rumble,Vi,Azir,Lucian,Sona,Skarner,Jax,Taliyah,Draven,Janna,Blue
Olaf,LeeSin,Hwei,Draven,Karma,Tryndamere,Nocturne,Zac,Ashe,Janna,Red
Xayah,Viego,AurelionSol,Aatrox,Rakan,Yone,Shaco,Orianna,Tristana,Rell,Blue
Aatrox,JarvanIV,Akali,Aphelios,Ashe,Renekton,LeeSin,Galio,Jinx,Alistar,Red
Akali,Kindred,Corki,Ashe,Braum,Sion,LeeSin,Ryze,Xayah,Rakan,Blue
Warwick,Khazix,Leblanc,Jhin,Xerath,Fiora,Volibear,Azir,Ashe,Renata,Red
Fiora,Jax,Annie,Lucian,Sona,Akali,Khazix,Jinx,Neeko,Maokai,Blue
Irelia,Khazix,Akali,Lucian,Ashe,Kled,Evelynn,Leblanc,Draven,Renata,Red
Tryndamere,XinZhao,Leblanc,Ashe,Rakan,Gnar,Khazix,Tristana,Zeri,Rumble,Blue
Vayne,LeeSin,Taliyah,Ezreal,Camille,Corki,Vi,Leblanc,Kaisa,Zac,Blue
Fiora,Viego,Nautilus,Varus,Leblanc,TwistedFate,Kindred,Hwei,Gragas,Pyke,Red
Gragas,Kindred,Taliyah,Draven,Alistar,Aatrox,LeeSin,AurelionSol,Tristana,Rell,Red
Fiora,Jax,Yasuo,Xayah,Nautilus,Gragas,Kindred,Taliyah,Jinx,Alistar,Red
Gragas,Vi,Ahri,Varus,Ashe,Jax,LeeSin,Azir,Lucian,Nami,Red
Camille,LeeSin,Kassadin,Jinx,Blitzcrank,Renekton,JarvanIV,AurelionSol,Varus,Ashe,Red
Gnar,Taliyah,Gragas,Ezreal,Alistar,Jax,Brand,Hwei,Varus,Camille,Blue
Jayce,Khazix,AurelionSol,Jinx,Rumble,Aatrox,Zed,Azir,Lucian,Nami,Blue
Aatrox,Viego,Azir,Aphelios,Rakan,Riven,JarvanIV,Orianna,Ashe,Karma,Red
Tryndamere,Kindred,Taliyah,Kalista,Ashe,Malphite,Belveth,Lux,Yasuo,Blitzcrank,Red
Jayce,Elise,Taliyah,Draven,Karma,Gangplank,Kayn,Galio,Kaisa,Nautilus,Red
Aatrox,Viego,Hwei,Zeri,Nautilus,Skarner,Draven,AurelionSol,LeeSin,Leona,Red
Rengar,Nocturne,Lissandra,Aphelios,Nautilus,Fiora,Kindred,Taliyah,Jinx,Renata,Red
Zac,LeeSin,Ashe,Jinx,Corki,TwistedFate,Viego,Azir,Brand,Bard,Blue
Taliyah,LeeSin,Poppy,Zeri,Lulu,Rengar,Jax,Corki,Kaisa,Nautilus,Blue
Rengar,Nocturne,Senna,Ezreal,Orianna,Jax,Viego,AurelionSol,Draven,Janna,Blue
KSante,Sylas,Orianna,Zeri,Rakan,Zac,Kindred,AurelionSol,Tristana,Nautilus,Blue
Aatrox,Belveth,Taliyah,Neeko,Nautilus,Jayce,Rengar,Hwei,Kaisa,Galio,Blue
Renekton,JarvanIV,Syndra,Varus,Neeko,Vayne,Taliyah,Tristana,Draven,Blitzcrank,Blue
Gragas,Yasuo,Taliyah,Jax,Ashe,Gangplank,Poppy,Corki,Jinx,Lulu,Red
Fiora,Jax,Sylas,Draven,Nautilus,Renekton,Viego,Taliyah,Senna,TahmKench,Red
Yasuo,Khazix,Hwei,Jinx,Lulu,Camille,Belveth,Taliyah,Zeri,Pyke,Red
Akali,Khazix,Qiyana,Varus,Rakan,Kennen,Viego,Taliyah,Jinx,Rumble,Red
Camille,Evelynn,Taliyah,Draven,Renata,Ryze,Gragas,Akshan,Yasuo,Senna,Red
Yone,Viego,Azir,Nilah,Taric,Camille,Nidalee,Tristana,Varus,Nautilus,Blue
TwistedFate,Brand,Akali,Xayah,Rakan,Fiora,Kindred,Taliyah,Jinx,Rell,Blue
Jax,LeeSin,Akali,Varus,Pyke,Fiora,Brand,Taliyah,Zeri,Camille,Red
Gragas,Brand,Tristana,Ashe,Rumble,Jax,JarvanIV,Syndra,Jinx,Thresh,Blue
Fiora,Kindred,Akali,Kalista,Camille,Kennen,Elise,Taliyah,Ezreal,Rumble,Blue
Jax,Viego,AurelionSol,Lucian,Nami,Varus,LeeSin,Yasuo,Gragas,Nautilus,Red
Irelia,Brand,Orianna,Jinx,Thresh,TwistedFate,Volibear,Tristana,Ashe,Neeko,Blue
Aatrox,Brand,Azir,Kalista,Rell,Jax,Taliyah,Jinx,Tristana,Janna,Blue
Skarner,Jax,Corki,Kalista,Rumble,Jayce,Viego,Azir,Xayah,Rakan,Red
Fiora,Sylas,Taliyah,Lucian,Nami,Leblanc,LeeSin,Hwei,Jinx,Nautilus,Red
Ornn,Nunu,Ekko,Aphelios,Thresh,Jinx,Taliyah,Galio,Gnar,Rell,Blue
Gragas,LeeSin,AurelionSol,Varus,Nautilus,Zeri,Kayn,Karma,Jayce,Lulu,Blue
Camille,Taliyah,Zac,Vayne,Nautilus,Riven,Lillia,Garen,Kaisa,Poppy,Blue
Kayle,Lillia,Garen,Zeri,Braum,Camille,Khazix,Tristana,Kalista,Nautilus,Red
Malphite,RekSai,Sylas,Vayne,Rell,Ryze,Nidalee,Tristana,Draven,Pyke,Blue
Camille,Lillia,Zilean,Ashe,Janna,TwistedFate,Nunu,Tristana,Jhin,Zyra,Red
Shen,Taliyah,Draven,Jinx,Milio,Trundle,Nunu,Tristana,MissFortune,Leona,Red
Irelia,Brand,Tristana,Jhin,Janna,Jax,Khazix,Gragas,Varus,Rumble,Blue
Jax,JarvanIV,Hwei,Varus,Thresh,Gragas,Nunu,Corki,Caitlyn,Morgana,Red
Qiyana,Taliyah,Lucian,Ziggs,Alistar,Aatrox,FiddleSticks,Ahri,Caitlyn,Nautilus,Blue
Camille,Nidalee,Orianna,Varus,Rakan,Tristana,Volibear,Vladimir,Corki,Pyke,Blue
Olaf,LeeSin,Taliyah,Caitlyn,Milio,Volibear,Shaco,Akshan,Jhin,Lux,Red
Volibear,JarvanIV,Hwei,Aphelios,Sona,Zac,Rengar,Kalista,Lucian,Nami,Blue
Poppy,Taliyah,Syndra,Corki,Nautilus,Volibear,Viego,Seraphine,Ezreal,Sona,Blue
Renekton,LeeSin,Ahri,Draven,Corki,Rengar,JarvanIV,Rumble,Jhin,Annie,Red
Ahri,Bard,Akali,Karma,Akshan,Blitzcrank,TwistedFate,Quinn,Skarner,Syndra,Red
Zoe,Graves,Azir,Ekko,Illaoi,Nami,Jinx,Gragas,Ashe,Rumble,Red
Jax,Taliyah,Tristana,Xayah,Nautilus,Gragas,Vi,Orianna,Jhin,Leona,Blue
TwistedFate,Lillia,Hwei,Tristana,Leona,Renekton,Karthus,Ahri,Senna,Nautilus,Red
Ornn,Brand,Tristana,Corki,Nami,Camille,Khazix,Taliyah,Varus,Nautilus,Red
Skarner,JarvanIV,Azir,Jhin,Ashe,Gwen,Sejuani,Viktor,Caitlyn,Nautilus,Blue
Ornn,Karthus,Irelia,Jinx,Nautilus,Vayne,Lillia,Zoe,Twitch,Alistar,Blue
Tryndamere,Hecarim,Xerath,Lucian,Nami,Jax,Ivern,Garen,Jinx,Lulu,Red
Skarner,RekSai,Sylas,Draven,Sona,Camille,Kindred,Syndra,Jhin,Leona,Blue
Irelia,Kindred,AurelionSol,Kaisa,Braum,Gnar,Skarner,Tristana,Caitlyn,Karma,Red
KogMaw,LeeSin,Irelia,Lucian,Milio,Camille,Vi,Cassiopeia,Varus,Corki,Blue
Skarner,Kindred,Corki,Ezreal,Seraphine,Yasuo,Kayn,TwistedFate,Varus,Ashe,Red
Camille,Nidalee,Annie,Kalista,Nautilus,LeeSin,Rammus,Taliyah,Lucian,Nami,Red
Skarner,JarvanIV,Hwei,Varus,Seraphine,Zac,Ahri,Viego,Kalista,Corki,Blue
Yasuo,Ivern,Thresh,Aphelios,Katarina,Tryndamere,Kindred,Kassadin,Senna,Ornn,Blue
Vladimir,LeeSin,Naafiri,Caitlyn,Rumble,Mordekaiser,Amumu,Tristana,Lucian,Pyke,Blue
Riven,Lillia,Zac,Corki,Braum,Skarner,Taliyah,TwistedFate,Jhin,Nautilus,Red
Aatrox,Ekko,XinZhao,Corki,Lux,Vayne,JarvanIV,Akshan,Lucian,Nami,Red
Poppy,Taliyah,Tristana,Corki,Seraphine,Tryndamere,Brand,Yasuo,Lucian,Nami,Red
Olaf,Hecarim,Kassadin,Caitlyn,Karma,Poppy,Udyr,Tristana,Jhin,Janna,Red
Vladimir,LeeSin,Zac,Corki,Nautilus,Volibear,Brand,Akshan,Kalista,Poppy,Red
Poppy,Jax,Hwei,Kalista,Rumble,Kennen,Udyr,Corki,Jhin,Xerath,Blue
Camille,Udyr,Tristana,Zeri,Pyke,Warwick,Nidalee,Corki,KogMaw,Braum,Blue
Darius,JarvanIV,Kaisa,Aphelios,Soraka,Irelia,Taliyah,Corki,Jinx,Rakan,Red
Zac,Khazix,Skarner,MissFortune,Ashe,Gwen,LeeSin,Corki,Kalista,Poppy,Blue
Zac,Lillia,Jayce,Caitlyn,Janna,Irelia,MasterYi,Katarina,Varus,Blitzcrank,Blue
Akali,Hecarim,Ahri,Jhin,Senna,Vladimir,XinZhao,Taliyah,Lucian,Nami,Blue
LeeSin,Taliyah,Tristana,Zeri,Seraphine,Mordekaiser,Nidalee,Talon,Lucian,Milio,Blue
Malphite,Kindred,Ahri,Lucian,Nami,Gwen,Jax,Orianna,Aphelios,Lulu,Blue
Skarner,Jax,Katarina,Karma,Caitlyn,Vayne,JarvanIV,Taliyah,Jhin,Hwei,Red
Trundle,Viego,Hwei,Jhin,Alistar,Camille,Maokai,Taliyah,Twitch,Milio,Red
Corki,Udyr,Zilean,Camille,Nautilus,Sett,Kayn,AurelionSol,Jhin,Rell,Red
Nasus,Nidalee,Zoe,Aphelios,Nami,Gnar,Khazix,Akali,Lucian,Pyke,Blue
Camille,Skarner,Neeko,Corki,Nautilus,Gwen,LeeSin,Leblanc,Caitlyn,Braum,Red
Kayle,LeeSin,Hwei,Jinx,Karma,Jayce,JarvanIV,Taliyah,Jhin,TwistedFate,Red
Camille,Kayn,Hwei,Corki,Alistar,Renekton,Khazix,Lux,Kalista,Rell,Red
Irelia,LeeSin,Diana,Samira,Camille,KSante,Taliyah,Vladimir,Aphelios,Thresh,Red
Viego,Taliyah,Aatrox,Jhin,Xerath,Riven,Maokai,Jayce,Caitlyn,Ashe,Blue
Akali,Khazix,TwistedFate,Corki,Nautilus,Jax,Brand,Rakan,Jhin,Rell,Blue
Singed,Karthus,Katarina,Caitlyn,Braum,Camille,Khazix,Neeko,Kalista,Renata,Red
Camille,Vi,Syndra,Lucian,Nami,Jax,Lillia,Corki,Varus,Nautilus,Red
Camille,Viego,Viktor,Aphelios,Seraphine,Jax,Graves,Akali,Jinx,Rell,Red
Rumble,Taliyah,Zed,Kaisa,Pyke,Aatrox,Skarner,AurelionSol,Jhin,Sona,Red
Camille,Volibear,Hwei,Corki,Blitzcrank,Aatrox,Taliyah,Yasuo,Caitlyn,Lux,Blue
TwistedFate,Nidalee,Tristana,Jinx,Braum,Jax,Taliyah,Leblanc,Aphelios,Thresh,Red
Viego,Talon,Rumble,Xerath,Blitzcrank,Ryze,Khazix,Corki,Jinx,Renata,Blue
Fiora,Vi,Leblanc,Varus,Thresh,Tryndamere,RekSai,Taliyah,Jhin,Nautilus,Blue
Volibear,Brand,Tristana,Varus,Alistar,Gnar,Vi,Taliyah,Draven,Rell,Blue
Jax,LeeSin,Lucian,Cassiopeia,Milio,KSante,Nidalee,Tristana,Aphelios,Thresh,Blue
Gwen,LeeSin,Hwei,Aphelios,Lulu,Riven,Kayn,TwistedFate,Lucian,Nami,Red
Rumble,LeeSin,Tristana,Varus,Zoe,Urgot,Nidalee,Karma,Lucian,Nami,Red
Jayce,Diana,Yasuo,Taliyah,Kalista,Aatrox,Viego,Katarina,Varus,Ashe,Red
Vayne,Morgana,Tristana,Smolder,Rell,Volibear,Skarner,Malzahar,Jhin,Nami,Red
Rumble,Nidalee,Tristana,Jinx,Lulu,Kassadin,Hecarim,Lucian,Jhin,Zilean,Red
Gragas,Poppy,Irelia,Kalista,Ashe,Riven,Rammus,Kaisa,Akali,Pyke,Blue
Renekton,Nidalee,Veigar,Corki,Alistar,Camille,Taliyah,Tristana,Lucian,Nami,Red
Gangplank,Vi,Hwei,Zeri,Rakan,Malphite,Khazix,Karthus,Kalista,Poppy,Red
Kennen,Kayn,Tristana,Lucian,Nami,Camille,Viego,Azir,Kalista,Ashe,Blue
Ornn,LeeSin,Ahri,Kaisa,Rell,Nautilus,Khazix,Diana,Sivir,Camille,Red
Urgot,Nidalee,Akshan,Jhin,Blitzcrank,Kayle,LeeSin,Katarina,Smolder,Zilean,Blue
Jayce,Viego,Ziggs,Tristana,Zilean,Warwick,LeeSin,Hwei,MissFortune,Neeko,Blue
Teemo,MasterYi,Skarner,Zeri,Lulu,Ornn,Viego,Akali,Jhin,Alistar,Red
Tryndamere,Diana,Skarner,Lucian,Nami,Teemo,Lillia,Yone,Caitlyn,Milio,Red
Riven,Elise,Zoe,Corki,Lulu,Ornn,Brand,Tristana,Lucian,Nami,Red
Skarner,Viego,TwistedFate,Lucian,Nami,Illaoi,Briar,Zed,Senna,Seraphine,Blue
Fiora,Jax,Malzahar,Ashe,Sona,Varus,Taliyah,Hwei,Kalista,Pantheon,Red
Ornn,Jax,Hwei,Caitlyn,Lux,Kennen,Diana,Irelia,Jhin,Blitzcrank,Red
Camille,Udyr,Skarner,Caitlyn,Kalista,Sett,Lillia,Zed,Lucian,Nami,Blue
Riven,Nunu,Yone,Jinx,Nami,Camille,Shaco,Irelia,Draven,Vi,Blue
Riven,Brand,Seraphine,Jinx,Karma,Ryze,Poppy,Irelia,AurelionSol,Pyke,Red
TwistedFate,Graves,Ahri,Zeri,Nautilus,FiddleSticks,Jax,Jayce,Xayah,Rakan,Red
Sion,LeeSin,Leblanc,Corki,Nami,Sett,Graves,Akali,Lucian,Milio,Blue
Fiora,Nidalee,Viego,Nautilus,Senna,Galio,LeeSin,Akali,Lucian,Nami,Red
Vayne,Graves,Azir,Jhin,Rumble,Malphite,Gragas,Irelia,Draven,Pyke,Red
Aatrox,Kindred,Taliyah,Jinx,Leona,Riven,Vi,Katarina,Caitlyn,Lux,Red
Gwen,Khazix,Katarina,Sivir,Camille,Vayne,Taliyah,Zed,Kalista,Nautilus,Red
Teemo,Kayn,Hwei,Jhin,Rumble,Viego,Diana,Taliyah,Samira,Zac,Blue
Quinn,Volibear,Tristana,Zeri,Alistar,Riven,Kindred,TwistedFate,Caitlyn,Karma,Red
Camille,Lillia,Tristana,Jhin,Bard,Urgot,Kayn,Rumble,Jinx,Soraka,Blue
Renekton,Lillia,Tristana,Kalista,Soraka,Irelia,Khazix,Rell,Varus,Leblanc,Blue
Shyvana,Khazix,Viktor,Jinx,Alistar,Vayne,Lillia,Zed,Jhin,Maokai,Blue
Jinx,Brand,Yasuo,Malphite,Alistar,Sylas,Jax,Akshan,Jhin,Lux,Red
Camille,MasterYi,Lux,Kalista,Renata,Jax,LeeSin,Leblanc,Samira,Pyke,Red
Ornn,Taliyah,Seraphine,Kaisa,Pyke,Vayne,Brand,Tristana,Corki,Janna,Red
Gwen,LeeSin,Sylas,Aphelios,Janna,Viego,Khazix,Karma,Lucian,Nami,Red
Gnar,Taliyah,Corki,Aphelios,Nami,Camille,Ivern,Tristana,Draven,Janna,Red
Renekton,Volibear,Hwei,Varus,Ashe,Gangplank,Taliyah,Zed,Jhin,Karma,Red
Riven,Kayn,Veigar,Aphelios,Annie,Volibear,Kindred,Taliyah,Kalista,Neeko,Red
Riven,Nidalee,Tristana,Sivir,Annie,Varus,Lillia,Lucian,Kaisa,Nautilus,Blue
Yone,Brand,Zed,Kalista,Thresh,Fiora,Taliyah,Lucian,Ashe,Blitzcrank,Red
TahmKench,Graves,Irelia,Corki,Renata,Vayne,Viego,Akali,Draven,Blitzcrank,Red
Urgot,Brand,Syndra,Caitlyn,Bard,Zilean,LeeSin,Tristana,Zeri,Nautilus,Red
Skarner,Vi,AurelionSol,Ezreal,Nami,Illaoi,Kindred,TwistedFate,Lucian,Milio,Red
Ryze,JarvanIV,Tristana,Aphelios,Taric,Irelia,Taliyah,Yone,Jinx,Lulu,Red
Gwen,Skarner,Talon,Twitch,Rakan,Singed,Shaco,Vladimir,Zeri,Lulu,Blue
Ryze,Elise,Hwei,Senna,Ezreal,Varus,Hecarim,Leblanc,Zeri,Nautilus,Blue
Sett,Khazix,TwistedFate,Kaisa,Nautilus,Jax,Gragas,Hecarim,Draven,Janna,Blue
Rumble,Taliyah,Viego,Corki,Rell,Gwen,Gragas,Tristana,Varus,Ashe,Red
Kayle,Skarner,Ahri,Draven,Janna,Viego,Diana,Orianna,Aphelios,Nautilus,Blue
KSante,LeeSin,Veigar,Corki,Soraka,Malphite,Hecarim,Lux,Aphelios,Pyke,Red
Rumble,Viego,Yasuo,Samira,Soraka,Sett,Khazix,Kassadin,Aphelios,Thresh,Red
Camille,Graves,Leblanc,Ezreal,Thresh,Tryndamere,Vi,Akali,Vayne,Draven,Blue
Qiyana,Sivir,Renekton,Seraphine,Akali,Teemo,Aphelios,Ivern,Viktor,Taliyah,Blue
Janna,Gragas,Zeri,Xayah,Tristana,Malzahar,Ahri,Graves,Aatrox,Akali,Blue
Kled,Karthus,Ahri,Draven,Rell,Urgot,Poppy,Corki,Twitch,Braum,Blue
Malphite,Kindred,Ziggs,Jinx,Annie,Sylas,LeeSin,Akshan,Seraphine,Soraka,Blue
AurelionSol,Hecarim,Leblanc,Aphelios,Rakan,TwistedFate,Ivern,Taliyah,Ezreal,Nami,Red
Fiora,Zeri,Diana,Draven,Camille,Akali,Khazix,Neeko,Jinx,Alistar,Red
Skarner,Kayn,Azir,Jhin,Rumble,Camille,Karthus,Zed,Varus,Rell,Blue
Cassiopeia,Ekko,Pyke,Xayah,TwistedFate,Irelia,FiddleSticks,Taliyah,Kaisa,Bard,Blue
Camille,Viego,Qiyana,Draven,Neeko,Yone,Nautilus,Taliyah,Varus,Vi,Red
TwistedFate,Zeri,Azir,Kalista,Lulu,Irelia,Evelynn,Talon,Nami,Lucian,Blue
Ornn,Vi,Ahri,Varus,Janna,Gangplank,LeeSin,Leblanc,Nautilus,Senna,Blue
Teemo,Briar,AurelionSol,Kalista,Rell,Skarner,Brand,Senna,Tristana,TahmKench,Red
Teemo,Jax,Sylas,Kalista,Camille,Darius,Diana,Jinx,Yone,Lulu,Red
Gragas,LeeSin,Fiora,Lucian,Nami,Ornn,RekSai,Lux,Ezreal,Karma,Red
TwistedFate,Brand,Tristana,Kaisa,Nautilus,Jax,Evelynn,Jayce,Varus,Hwei,Red
LeeSin,Neeko,Zed,Jinx,Nautilus,MonkeyKing,Belveth,Ryze,Draven,Alistar,Red
Riven,Taliyah,Belveth,MissFortune,Pyke,Gragas,Rengar,Corki,Kaisa,Galio,Red
Renekton,LeeSin,Leblanc,Jinx,Galio,Warwick,Rengar,Azir,Twitch,Lulu,Red
Olaf,LeeSin,Hwei,Draven,Karma,Tryndamere,Nocturne,Zac,Ashe,Janna,Red
TwistedFate,Poppy,Leblanc,Varus,Pyke,Gragas,LeeSin,Kalista,Tristana,Nautilus,Blue
Riven,Jax,Ahri,Kaisa,Blitzcrank,Garen,LeeSin,Taliyah,Jinx,Gragas,Red
Jax,Nidalee,Velkoz,Kalista,Tristana,TwistedFate,Kindred,Leblanc,Jhin,Karma,Blue
Riven,Brand,Varus,Azir,Ashe,Gragas,Khazix,Ahri,Jinx,Sona,Red
Jax,Khazix,Tristana,Ashe,Bard,Sett,Brand,Malphite,Varus,Braum,Red
Volibear,Ivern,Tristana,Zeri,Yuumi,Renekton,Evelynn,Qiyana,Twitch,Zac,Red
Ornn,Nidalee,Jayce,Varus,Kalista,Thresh,Khazix,Twitch,Draven,Yone,Red
Renekton,Viego,Twitch,Ashe,Janna,Illaoi,Nidalee,Lucian,Kaisa,Alistar,Red
Yone,Nidalee,Lucian,Jinx,Zilean,Leblanc,Kindred,Ahri,Kalista,Ashe,Red
Fiora,RekSai,Cassiopeia,Draven,Nami,Skarner,Evelynn,Tristana,Varus,Braum,Red
Rumble,Viego,Orianna,Zeri,Lulu,TwistedFate,Belveth,TahmKench,Aphelios,Milio,Red
Aatrox,Gragas,Jhin,Jinx,Thresh,Fiora,Jax,Taliyah,Zeri,Lulu,Red
Katarina,Belveth,Galio,Nami,Draven,Warwick,Rengar,Zed,Lucian,Ashe,Red
Vayne,LeeSin,Gragas,Kalista,Janna,KSante,Karthus,TwistedFate,Draven,Rumble,Red
Renekton,Gragas,Yone,Varus,Rakan,Jayce,MasterYi,Akali,Xayah,Rell,Red
TwistedFate,LeeSin,KSante,Ezreal,Thresh,Camille,Graves,Galio,Kaisa,Pyke,Blue
Fiora,Viego,Rumble,Ezreal,Ahri,Gnar,Taliyah,Tristana,Lucian,Nami,Red
Kayle,Viego,Akali,Lucian,Nami,Camille,Khazix,AurelionSol,Xayah,Rakan,Blue
Gragas,JarvanIV,Yone,Jinx,Nautilus,Akali,Volibear,AurelionSol,Varus,Ashe,Red
Aatrox,Taliyah,Neeko,Xayah,Rakan,TwistedFate,LeeSin,Zoe,Smolder,Zac,Blue
KSante,Ivern,Jinx,Hwei,Thresh,Jax,LeeSin,Draven,Ryze,Blitzcrank,Blue
Warwick,LeeSin,Syndra,Jinx,Rumble,Sion,Viego,Ahri,Kaisa,Blitzcrank,Red
Malphite,Volibear,Yone,Kalista,Renata,Akshan,Taliyah,Jayce,Nautilus,Senna,Blue
TwistedFate,LeeSin,Azir,Ziggs,Pyke,Jayce,Taliyah,Talon,Draven,Nautilus,Blue
Renekton,LeeSin,Karthus,Tristana,Nautilus,Gangplank,Kindred,Galio,Lucian,Nami,Red
Rumble,JarvanIV,Tristana,Kaisa,Alistar,TwistedFate,RekSai,Cassiopeia,Varus,Rakan,Blue
Darius,Viego,Tristana,Aphelios,Blitzcrank,Ornn,Kindred,Malphite,Jinx,Thresh,Red
Nasus,Skarner,Taliyah,Lucian,Nami,TwistedFate,LeeSin,Corki,Varus,Pyke,Blue
Akali,Khazix,Ahri,Xayah,Rell,Camille,Vi,Leblanc,Kalista,Rumble,Blue
Skarner,Jax,Ryze,Kalista,Ashe,Aatrox,Gragas,Taliyah,Caitlyn,Velkoz,Blue
Akali,Kindred,Zoe,Draven,Thresh,Renekton,Nidalee,TwistedFate,Varus,Nami,Red
Renekton,Taliyah,Neeko,Kaisa,Rell,Jax,LeeSin,Leblanc,Alistar,Samira,Blue
Jayce,XinZhao,Zoe,Xayah,Rakan,TwistedFate,Lillia,Diana,Zeri,Soraka,Red
Jax,Vi,Ornn,Jinx,Skarner,Fiora,Khazix,Vladimir,Kaisa,Zac,Red
Gnar,Jax,Akali,Caitlyn,Lux,Sett,Zac,Lissandra,Jinx,Thresh,Red
Renekton,Taliyah,Kindred,Lucian,Nami,Fiora,Vi,Ziggs,Ezreal,Velkoz,Blue
Jax,Nidalee,Jayce,KogMaw,Lulu,Lucian,Kindred,Twitch,Jinx,Braum,Red
Tristana,Ekko,AurelionSol,Ornn,Blitzcrank,Gwen,LeeSin,Sion,Jinx,Morgana,Red
Yone,XinZhao,Orianna,Draven,Pyke,Jayce,Jax,AurelionSol,Yasuo,Rakan,Red
Renekton,XinZhao,Orianna,Draven,Annie,Lissandra,Taliyah,LeeSin,Lucian,Nami,Red
TahmKench,XinZhao,AurelionSol,Draven,Rumble,Katarina,RekSai,Zac,Jinx,Seraphine,Red
Gwen,Zed,Orianna,Kalista,Blitzcrank,Aatrox,Zeri,Seraphine,Poppy,Corki,Blue
Akshan,Ekko,Hwei,Draven,Pyke,Jax,Rengar,Akali,Jinx,Renata,Red
Yasuo,LeeSin,Orianna,Seraphine,Rakan,Yone,Graves,Ahri,Nilah,Senna,Red
Gragas,Graves,Yasuo,Draven,Blitzcrank,Olaf,Sylas,Yone,KogMaw,Lulu,Blue
Skarner,Qiyana,Sylas,Jinx,Milio,Zeri,JarvanIV,Diana,Gnar,Lulu,Blue
Olaf,Vi,Taliyah,Zeri,Nautilus,Darius,Viego,Azir,Xayah,Pyke,Blue
Jayce,Vi,Vladimir,Kaisa,Rell,Warwick,LeeSin,Leblanc,Aphelios,Braum,Red
Lucian,XinZhao,AurelionSol,Twitch,Janna,Yorick,Viego,Syndra,Ezreal,Alistar,Blue
Yorick,Rumble,Ahri,Twitch,Lulu,Yone,Kindred,Swain,Lucian,Milio,Blue
Gwen,Rammus,TwistedFate,Varus,Pyke,Akali,Belveth,Ornn,Draven,Rakan,Red
Volibear,Khazix,AurelionSol,Draven,Blitzcrank,Jayce,LeeSin,Azir,Jinx,Bard,Blue
Camille,Ekko,Qiyana,Ezreal,Janna,Yasuo,Shaco,Zed,Varus,Ashe,Blue
Kassadin,Talon,Smolder,Aphelios,Lulu,Teemo,Belveth,Tristana,Jhin,Nami,Red
Riven,Gragas,Zac,Samira,Janna,Rammus,Taliyah,Viego,Caitlyn,Lux,Blue
Riven,XinZhao,Lissandra,Kalista,Renata,Teemo,Kayn,Leblanc,Draven,Poppy,Red
Renekton,Khazix,Annie,Corki,Sona,Yasuo,Nidalee,Qiyana,Jinx,Nautilus,Red
Udyr,Mordekaiser,Taliyah,Kalista,Nami,Poppy,Vi,Brand,Caitlyn,Lux,Blue
Warwick,RekSai,TwistedFate,Samira,Skarner,Sett,FiddleSticks,Zed,Kalista,Alistar,Red
Ornn,Brand,Ahri,Ashe,Kalista,Aatrox,Taliyah,Zac,Lucian,Nautilus,Blue
Camille,Skarner,Taliyah,Caitlyn,Morgana,Vayne,Viego,AurelionSol,Corki,Nautilus,Blue
Soraka,Jax,Hwei,MissFortune,Leona,Darius,LeeSin,Zilean,Jinx,Sona,Blue
Camille,Zed,Malzahar,Seraphine,Senna,Renekton,Nidalee,Annie,Jinx,Lulu,Red
Tryndamere,Gragas,Corki,Jinx,Braum,Kennen,LeeSin,Ahri,Xayah,Rakan,Red
Zac,Viego,Taliyah,Draven,Seraphine,Leblanc,Khazix,Gnar,Jinx,Poppy,Red
Skarner,Viego,Taliyah,Jhin,Rell,Jayce,Hecarim,Ahri,Kaisa,Lux,Blue
Camille,Rumble,Tristana,Caitlyn,Lux,Irelia,Skarner,Hwei,Jhin,Janna,Blue
Garen,Khazix,Orianna,Kaisa,Poppy,Renekton,Viego,Leblanc,Corki,Camille,Blue
Jax,Rumble,Talon,Aphelios,Rell,Garen,Diana,Yasuo,Jhin,Renata,Blue
Sett,JarvanIV,AurelionSol,Corki,Poppy,Gnar,Diana,Yasuo,Varus,Ashe,Blue
Fiora,Jax,Leblanc,Lucian,Nami,Akali,KogMaw,XinZhao,Varus,Ashe,Blue
Qiyana,Lillia,Jinx,Gnar,Poppy,Fiora,Diana,Ryze,Kalista,Rumble,Red
Fiora,Karthus,Ryze,Varus,Rakan,Volibear,Kindred,Fizz,Jinx,Camille,Red
Yasuo,Taliyah,Corki,Twitch,Braum,Camille,Brand,Fizz,Jinx,Nautilus,Blue
Fiora,Graves,Hwei,Draven,Pyke,Skarner,Lillia,Ahri,Jhin,Rell,Blue
Quinn,Brand,Talon,Varus,MissFortune,Tryndamere,Skarner,Viktor,Ashe,Camille,Red
Camille,Ekko,Talon,Kalista,Pyke,Irelia,Brand,Tristana,Varus,Poppy,Red
TwistedFate,Lillia,Taliyah,Jinx,Thresh,Warwick,Nidalee,Qiyana,Aphelios,Leona,Red
Volibear,JarvanIV,Ahri,Jhin,Bard,Zac,LeeSin,Yone,Lucian,Nami,Blue
Viego,Rammus,Orianna,Caitlyn,Nami,Olaf,Elise,Janna,Brand,Leblanc,Red
Gwen,Kindred,Sylas,Jhin,Zyra,Warwick,LeeSin,Hwei,Corki,Poppy,Red
Kayle,LeeSin,Hwei,Jinx,Thresh,Gragas,Kayn,TwistedFate,Vayne,Janna,Red
Skarner,Viego,Twitch,Kaisa,Nautilus,Jax,Vi,Hwei,Lucian,Nami,Blue
Camille,Karthus,Akali,Draven,Nautilus,Jayce,Kayn,Skarner,Corki,Alistar,Blue
Skarner,Lillia,Irelia,Zeri,Lulu,KSante,Viego,Hwei,Jinx,Nautilus,Red
Rumble,Vi,Swain,Jinx,Leona,Sett,Evelynn,Galio,Senna,Ornn,Red
Akali,Khazix,TwistedFate,Corki,Nautilus,Jax,Brand,Rakan,Jhin,Rell,Blue
Camille,Ivern,Blitzcrank,MissFortune,Corki,Riven,Rumble,AurelionSol,Senna,Ornn,Red
Volibear,Brand,Tristana,Varus,Alistar,Gnar,Vi,Taliyah,Draven,Rell,Blue
Aphelios,Nunu,Orianna,Urgot,Rell,Fiora,Kindred,TwistedFate,Karthus,Senna,Red
Malzahar,Khazix,Leblanc,Kaisa,Thresh,Rumble,Zyra,Yone,Kalista,Ashe,Red
Camille,Qiyana,Sylas,Senna,Ornn,Malzahar,Khazix,Kennen,Zeri,Nautilus,Red
Teemo,Kayn,Viego,Jhin,Xerath,Kennen,Rengar,Akali,Zeri,Nautilus,Red
Akali,Viego,Kassadin,Varus,Rell,Urgot,XinZhao,Irelia,AurelionSol,Alistar,Blue
Urgot,LeeSin,Nautilus,Caitlyn,Kassadin,TwistedFate,Sylas,Zed,Senna,Ornn,Red
Illaoi,Khazix,Singed,Aphelios,Thresh,Tryndamere,JarvanIV,TwistedFate,Senna,Ornn,Red
Camille,Taliyah,Irelia,Aphelios,Thresh,Gwen,Kindred,Ahri,Ezreal,Janna,Red
Camille,Kayn,Taliyah,KogMaw,Lulu,Kennen,Ivern,Corki,Samira,Alistar,Blue
Pantheon,FiddleSticks,TwistedFate,Heimerdinger,Camille,Poppy,Taliyah,Viego,Lucian,Senna,Red
Sett,Nidalee,Diana,Aphelios,Nautilus,Vayne,Kindred,Leblanc,Samira,Soraka,Blue
Ryze,Viego,Sylas,Aphelios,Rell,Lucian,Vi,Hwei,Mordekaiser,Nami,Blue
Camille,Khazix,Taliyah,Draven,Nami,Tristana,Viego,Ahri,Zeri,Lulu,Red
Renekton,Nunu,Leblanc,Kalista,Alistar,Camille,Kindred,Neeko,Xayah,Soraka,Red
Riven,Nunu,Akshan,Twitch,Lulu,Ryze,Skarner,Viego,Zeri,Rakan,Red
TwistedFate,Khazix,Orianna,Aphelios,Thresh,Tristana,Karthus,Ekko,Caitlyn,Nautilus,Blue
Teemo,Twitch,Katarina,Caitlyn,Maokai,Fiora,Viego,Ahri,Senna,Nautilus,Red
Camille,Kayn,Nautilus,Kaisa,AurelionSol,Darius,Evelynn,Thresh,Sivir,Akali,Red
Jayce,Mordekaiser,Corki,Vayne,Rakan,Kennen,TwistedFate,Yasuo,Zeri,Rell,Red
Vayne,LeeSin,Galio,Singed,Rakan,Camille,Ashe,TwistedFate,Draven,Nidalee,Red
Jayce,Taliyah,AurelionSol,Kalista,Rakan,Fiora,Udyr,Kassadin,Jinx,Alistar,Red
Rumble,Vi,Leblanc,Tristana,Poppy,Kayle,Graves,Syndra,Kalista,Renata,Red
Aatrox,Nidalee,Azir,Xayah,Zac,Sett,Graves,Akali,Jinx,Poppy,Red
Darius,Kindred,Azir,Samira,Pyke,Viego,Ivern,Tristana,Jinx,Alistar,Red
Cassiopeia,MasterYi,Katarina,Aphelios,Pyke,Jayce,Hecarim,Akali,Senna,Nautilus,Red
Jayce,RekSai,Vladimir,Jinx,Nautilus,Zac,Brand,Tristana,Kaisa,Alistar,Red
TwistedFate,Sett,Sylas,Jhin,Bard,Rumble,Ivern,Jinx,AurelionSol,Nautilus,Red
Kled,Vi,Taliyah,Aphelios,Lulu,Camille,Gwen,Veigar,Senna,Yasuo,Blue
Renekton,Skarner,Orianna,Ashe,Milio,Aatrox,Nunu,Vladimir,Kaisa,Camille,Red
Fiora,Graves,Kassadin,Caitlyn,Leona,Yone,LeeSin,Leblanc,Jinx,Blitzcrank,Red
JarvanIV,Kindred,Vladimir,Caitlyn,Thresh,Akali,XinZhao,Azir,Kalista,Pyke,Blue
Viego,XinZhao,Annie,Jinx,Soraka,Yasuo,LeeSin,Akali,Draven,Nautilus,Red
Fiora,Brand,Ahri,Ashe,Kalista,Riven,Jax,Azir,Jhin,Karma,Red
Olaf,JarvanIV,Hwei,Zeri,Sona,Fiora,Jax,Ahri,Lux,Senna,Red
Shen,Taliyah,Tristana,Corki,Rakan,Kennen,Sett,Viego,Zeri,Lulu,Blue
KSante,Evelynn,Irelia,Xayah,Renata,Tryndamere,Elise,Akali,Jinx,Nautilus,Red
Fiora,Viego,Zoe,Kalista,Swain,Warwick,LeeSin,Qiyana,Kaisa,Ashe,Red
Sett,Rammus,Yasuo,Twitch,Lulu,Jax,Karthus,Akali,Aphelios,Alistar,Red
Jayce,Taliyah,Zac,Kaisa,Pantheon,Tryndamere,Viego,Ziggs,Aphelios,Milio,Red
Skarner,Ivern,Hwei,Jinx,Nami,Trundle,Viego,Taliyah,Zeri,Pyke,Red
Vayne,Ivern,Qiyana,Kalista,Neeko,Tristana,Lillia,Azir,Kaisa,Poppy,Red
Jax,LeeSin,Hwei,Jinx,Rell,Gragas,Skarner,Ahri,Senna,Pyke,Blue
Camille,Gragas,Morgana,Jinx,Alistar,Yone,LeeSin,Zoe,Kalista,Pyke,Blue
Yone,Malphite,Shen,Varus,Blitzcrank,Sylas,Belveth,Diana,Draven,Ashe,Red
Jax,Taliyah,Akali,TahmKench,Senna,Graves,LeeSin,Azir,Jinx,Nautilus,Blue
Aatrox,Taliyah,Twitch,Jhin,Nautilus,Vayne,Khazix,Leblanc,Seraphine,Senna,Red
Camille,Rumble,Tristana,Varus,Zac,KSante,Viego,AurelionSol,Seraphine,Ashe,Blue
Ryze,Jinx,Olaf,Taliyah,Rell,Vayne,Diana,Talon,Kalista,Ashe,Red
Quinn,Sejuani,Sylas,Jinx,Milio,Gnar,Jax,Akali,Xayah,Rakan,Blue
Camille,Zeri,Yone,Ezreal,Rumble,Skarner,Kindred,Nidalee,Kalista,Ashe,Red
Jayce,Poppy,Leblanc,Varus,Nautilus,Ashe,LeeSin,Lux,Jinx,Braum,Red
Nasus,Khazix,Ahri,Jinx,Rumble,Olaf,Kindred,Swain,Ashe,Neeko,Blue
Akali,MasterYi,Taliyah,Jinx,Milio,Jayce,Viego,Veigar,Varus,Soraka,Red
Rumble,Vi,Leblanc,Kalista,Ashe,Udyr,Belveth,Ahri,Jinx,Braum,Red
Aatrox,Graves,Leblanc,Karthus,Bard,Fiora,Viego,Gragas,Jinx,Lulu,Red
KSante,LeeSin,Ryze,Jinx,Soraka,Vayne,Lillia,Akshan,Varus,Neeko,Blue
Gnar,Kindred,Lux,Jinx,Janna,LeeSin,Jax,Ahri,Varus,Annie,Red
Vayne,Jax,Leblanc,Varus,Seraphine,TwistedFate,Viego,Azir,Samira,Nautilus,Blue
KSante,Viego,Leblanc,Caitlyn,Ashe,Camille,JarvanIV,Azir,Ezreal,Pyke,Blue
Fiora,LeeSin,Azir,Draven,Nautilus,Vayne,Poppy,Ahri,Zeri,Alistar,Blue
Ahri,Viego,Jayce,Jinx,Skarner,Aatrox,LeeSin,Kassadin,Varus,Rumble,Blue
Pantheon,Viego,Azir,Nautilus,Varus,Fiora,LeeSin,Zac,Karthus,Senna,Red
Yone,LeeSin,Janna,Senna,Ornn,Camille,Skarner,Leblanc,Jinx,Karma,Red
Darius,Sylas,Vayne,Tristana,Rumble,Fiora,JarvanIV,Akali,Varus,Ashe,Red
Yone,Gragas,Ahri,Varus,Ashe,Gnar,LeeSin,Twitch,Ezreal,Rumble,Red
Gragas,TwistedFate,Kindred,Jinx,Thresh,Malphite,LeeSin,Taliyah,Senna,Ornn,Blue
Skarner,Viego,Ahri,Kaisa,Blitzcrank,Ezreal,XinZhao,Azir,Gragas,Rell,Red
Jax,LeeSin,Ahri,Varus,Soraka,Jayce,XinZhao,TwistedFate,Ezreal,Ornn,Red
Ryze,Viego,Leblanc,Jinx,Zac,Fiora,LeeSin,TwistedFate,Senna,Ornn,Blue
Volibear,Nidalee,KSante,Jinx,Lulu,Riven,Viego,Vladimir,Kalista,Neeko,Red
Renekton,Taliyah,Ryze,Draven,Soraka,Gnar,LeeSin,Ivern,Kalista,Neeko,Blue
Olaf,Belveth,Kassadin,Rumble,Varus,Taliyah,LeeSin,Gragas,Jinx,Karma,Red
Riven,Kindred,Ahri,Varus,Nautilus,Rumble,Khazix,Taliyah,Jinx,Braum,Blue
Ryze,Kindred,Akshan,Karthus,Alistar,Akali,Skarner,Taliyah,Varus,Nautilus,Blue
Rumble,JarvanIV,Taliyah,Zeri,Pyke,Nautilus,Khazix,Orianna,Jinx,Yone,Blue
Aatrox,Jax,Azir,Jinx,Bard,KSante,Riven,Hwei,Varus,Renata,Blue
Rumble,JarvanIV,Varus,Tristana,Renata,Renekton,Taliyah,Jayce,Kalista,Rell,Blue
Urgot,Vi,Ahri,Varus,Rumble,Olaf,JarvanIV,Hwei,Zeri,Senna,Red
Riven,Viego,Hwei,Zeri,Gragas,Quinn,Poppy,Akali,Varus,Nautilus,Red
KSante,Kayn,TwistedFate,Xayah,Rakan,Udyr,Viego,Ahri,Zeri,Alistar,Red
Skarner,Briar,TwistedFate,Varus,Alistar,Aatrox,Taliyah,Tristana,Jinx,Nautilus,Red
Teemo,Briar,AurelionSol,Kalista,Rell,Skarner,Brand,Senna,Tristana,TahmKench,Red
Camille,MasterYi,Ryze,Varus,Bard,Gwen,Evelynn,Tristana,Zeri,Galio,Blue
Aatrox,Soraka,Taliyah,Zeri,Evelynn,Fiora,LeeSin,Diana,Lucian,Nami,Red
Zac,Nunu,Tristana,Ezreal,Karma,Rumble,Graves,Azir,Varus,Galio,Red
Jax,Skarner,Azir,Senna,Nautilus,Vayne,Hecarim,Corki,Varus,Rakan,Blue
Gragas,Maokai,Jayce,Nautilus,Kaisa,Renekton,Nidalee,Tristana,Varus,Blitzcrank,Red
Akali,RekSai,Neeko,Jinx,Galio,TwistedFate,LeeSin,Syndra,Zeri,Alistar,Blue
Renekton,Brand,Rell,Kalista,TwistedFate,Gnar,Lillia,Corki,Jhin,Shaco,Blue
Volibear,Viego,AurelionSol,Caitlyn,Milio,Renekton,Nidalee,Yone,Jhin,Seraphine,Red
Olaf,Nidalee,LeeSin,Kalista,Nautilus,Riven,Taliyah,Tristana,TahmKench,Senna,Red
Jax,Taliyah,Tristana,Xayah,Nautilus,Gragas,Vi,Orianna,Jhin,Leona,Blue
TwistedFate,Lillia,Hwei,Tristana,Leona,Renekton,Karthus,Ahri,Senna,Nautilus,Red
Shaco,Ashe,Leblanc,JarvanIV,Kalista,Camille,Sett,Hwei,Caitlyn,Thresh,Blue
Renekton,Jax,AurelionSol,Varus,Neeko,Samira,Kennen,Syndra,XinZhao,Alistar,Blue
Rumble,Viego,Azir,Senna,TahmKench,Gwen,JarvanIV,Orianna,Caitlyn,Nautilus,Blue
Camille,Evelynn,Yasuo,Varus,Alistar,Vayne,Sejuani,Taliyah,Caitlyn,Morgana,Red
Volibear,Hecarim,Hwei,Kalista,Soraka,Gnar,Brand,Akshan,Nautilus,Draven,Red
Fiora,Kindred,Ryze,Caitlyn,Soraka,Udyr,Brand,Akshan,Jhin,Sona,Blue
Maokai,Taliyah,Poppy,Draven,Vex,Sion,Brand,Akshan,Aphelios,Pyke,Red
Gangplank,Nunu,Hwei,Aphelios,Milio,Poppy,LeeSin,Tristana,Seraphine,Thresh,Blue
Jayce,Lillia,Yone,Jinx,Milio,Camille,FiddleSticks,Yasuo,Corki,Rell,Red
Aatrox,Rengar,Hwei,Jhin,Corki,Fiora,Kindred,Orianna,Varus,Skarner,Red
Fiora,Jax,Leblanc,Lucian,Nami,Akali,KogMaw,XinZhao,Varus,Ashe,Blue
Pantheon,Ivern,Zoe,Lucian,Nami,Camille,Rammus,Taliyah,Kalista,Pyke,Red
Renekton,Skarner,Lux,Corki,Milio,Malzahar,Warwick,Tristana,Caitlyn,Neeko,Blue
Camille,MonkeyKing,Azir,Jinx,Alistar,Sett,MasterYi,Yasuo,Varus,Lulu,Blue
Kayle,Poppy,Talon,Seraphine,Ashe,Olaf,Vi,Renekton,Kalista,Nautilus,Blue
Kled,Maokai,Ahri,Jinx,Lulu,Gragas,Kindred,Yasuo,Corki,Rell,Red
Gragas,Nidalee,Yasuo,Lucian,Rakan,Rumble,Skarner,Vex,Twitch,Lulu,Blue
Caitlyn,Taliyah,Hwei,Bard,Sett,Warwick,Diana,Yasuo,Lucian,Milio,Blue
KogMaw,LeeSin,Irelia,Lucian,Milio,Camille,Vi,Cassiopeia,Varus,Corki,Blue
Sett,Gwen,Brand,Ashe,Seraphine,Fiora,Taliyah,Tristana,Jhin,Yuumi,Red
Jayce,Nidalee,Hwei,Draven,Nautilus,Quinn,RekSai,Ahri,Sivir,Seraphine,Red
Gnar,Shaco,Ahri,Aphelios,Thresh,Gragas,Kindred,Zac,Jhin,Seraphine,Red
Jax,Lillia,Nasus,Lucian,Nami,Akali,FiddleSticks,Akshan,Varus,Leona,Red
Fiora,Graves,Hwei,Draven,Pyke,Skarner,Lillia,Ahri,Jhin,Rell,Blue
Renekton,Viego,Leblanc,Corki,Lulu,Rumble,Lillia,Tristana,Caitlyn,Nautilus,Red
Mordekaiser,Brand,Irelia,Ezreal,Poppy,Garen,JarvanIV,Taliyah,Tristana,Alistar,Red
Renekton,Taliyah,Tristana,Xayah,Lux,Vayne,Rammus,Cassiopeia,Kaisa,Neeko,Blue
Camille,JarvanIV,Fizz,Caitlyn,Rell,Viego,Vi,Leblanc,Jhin,Rumble,Blue
Camille,Yasuo,Taliyah,Varus,Seraphine,Volibear,Graves,Leblanc,Hwei,Rell,Blue
Volibear,JarvanIV,Ahri,Jhin,Bard,Zac,LeeSin,Yone,Lucian,Nami,Blue
Renekton,Corki,Elise,Varus,Leona,KSante,MasterYi,Annie,Jhin,Nautilus,Blue
Poppy,Jax,Hwei,Kalista,Rumble,Kennen,Udyr,Corki,Jhin,Xerath,Blue
Fiora,Diana,Sylas,Kalista,Nautilus,Darius,Skarner,Brand,Sivir,Seraphine,Red
Darius,JarvanIV,Kaisa,Aphelios,Soraka,Irelia,Taliyah,Corki,Jinx,Rakan,Red
Corki,Kayn,Riven,Zeri,Yuumi,Malphite,Gragas,Akshan,Caitlyn,Bard,Blue
Skarner,LeeSin,Corki,Lucian,Nami,Sett,Kindred,Akali,Aphelios,Rakan,Red
Urgot,Volibear,Hwei,Twitch,Seraphine,Rengar,Skarner,Rumble,Varus,Kalista,Red
Ryze,Gragas,Irelia,Jinx,Milio,Vladimir,JarvanIV,Ahri,Caitlyn,Corki,Red
Skarner,Brand,Tristana,Varus,Ashe,Yone,Taliyah,Akshan,Jhin,Bard,Red
Sett,Brand,Kayle,Caitlyn,Thresh,Kennen,Volibear,Tryndamere,Varus,Karma,Blue
Garen,Karthus,Yasuo,Lucian,Neeko,Aatrox,Zac,Seraphine,Jhin,Soraka,Red
Malphite,Khazix,Gragas,Jhin,Corki,Talon,Lillia,Sylas,Zeri,Janna,Red
Vayne,Kayn,Jhin,Ziggs,Ashe,Camille,Nidalee,Corki,Caitlyn,Janna,Red
KSante,Kayn,Akali,Corki,Bard,Malphite,Vi,Zed,Kaisa,Rakan,Blue
Urgot,JarvanIV,Annie,Ashe,Seraphine,Kayle,Taliyah,Tristana,Jinx,Thresh,Red
Camille,LeeSin,Corki,Zeri,Lulu,Jax,Vi,Akshan,Ziggs,Nautilus,Red
Gragas,LeeSin,Annie,Lucian,Nami,Rumble,Viego,Leblanc,Jinx,Nautilus,Red
Fiora,Brand,Ahri,Samira,Janna,Volibear,Kayn,Xerath,Xayah,Thresh,Red
KSante,Viego,Sylas,Kalista,Milio,Aatrox,Vi,Brand,Varus,Thresh,Red
Camille,Lillia,Brand,Kaisa,Thresh,Zac,Ivern,Qiyana,Xayah,Blitzcrank,Red
Kayle,Lillia,Qiyana,Lucian,Pantheon,Aatrox,Nidalee,Tristana,Seraphine,Senna,Blue
Skarner,Kayn,Ahri,Draven,Braum,Camille,MasterYi,Taliyah,Jinx,Milio,Red
Shen,Brand,Akali,Kaisa,Nautilus,Riven,Nidalee,Lux,Varus,Pyke,Red
Singed,Taliyah,Katarina,Kalista,Pyke,Rumble,LeeSin,Yone,Varus,Ashe,Blue
Kayle,Lillia,Hwei,Varus,Rumble,Camille,LeeSin,Viktor,Caitlyn,Ashe,Red
Quinn,Talon,Sylas,Aphelios,Milio,Camille,Viego,Hwei,Lucian,Nami,Red
Renekton,Nidalee,Hwei,Senna,Nautilus,Volibear,XinZhao,Taliyah,Lucian,Nami,Blue
KSante,Nidalee,Jayce,Senna,TahmKench,Camille,LeeSin,Hwei,Draven,Nautilus,Blue
Tristana,Neeko,Blitzcrank,KSante,Morgana,Caitlyn,Aphelios,Brand,Riven,Kassadin,Blue
Ryze,Kindred,Riven,Caitlyn,Leblanc,Sion,JarvanIV,Orianna,Lucian,Nami,Blue
Camille,LeeSin,Hwei,Kalista,Rumble,Kayle,Jax,Taliyah,Lucian,Milio,Red
Kayle,Brand,Qiyana,Jhin,Rell,Camille,Nidalee,TwistedFate,Draven,Thresh,Blue
KSante,Talon,Lissandra,Lucian,Nami,Warwick,Nidalee,Tristana,Jhin,Blitzcrank,Red
Anivia,LeeSin,Lucian,TwistedFate,Nami,Sejuani,Viego,Taliyah,Zeri,Yuumi,Red
Jayce,Diana,Yasuo,Taliyah,Kalista,Aatrox,Viego,Katarina,Varus,Ashe,Red
Renekton,Viego,Yone,Samira,Rakan,Quinn,JarvanIV,Tristana,Sivir,Lulu,Red
AurelionSol,Viego,KSante,Lucian,Nami,Camille,LeeSin,Veigar,Ashe,Seraphine,Red
Irelia,LeeSin,Zed,Cassiopeia,Alistar,Zac,XinZhao,Yasuo,Jinx,Nautilus,Red
Gragas,Poppy,Irelia,Kalista,Ashe,Riven,Rammus,Kaisa,Akali,Pyke,Blue
KSante,Viego,Akali,Lucian,Nami,Zac,Jax,Ahri,Varus,Ashe,Red
Darius,Kindred,Xerath,Heimerdinger,Blitzcrank,Lux,Hecarim,Ahri,Draven,Pyke,Blue
Darius,Nocturne,Zilean,Twitch,Yuumi,Gragas,Poppy,AurelionSol,Jhin,Rakan,Red
Poppy,Talon,Ahri,Jhin,Seraphine,Shaco,Brand,Yasuo,Jinx,Lulu,Blue
Riven,Brand,Yasuo,Kaisa,Nautilus,Rumble,Jinx,Katarina,LeeSin,Braum,Red
MonkeyKing,Nidalee,Hwei,Varus,Renata,Kennen,Lillia,Talon,Jinx,Nautilus,Red
Urgot,Rammus,Lux,Jinx,Ashe,Karma,Taliyah,AurelionSol,Jhin,Rakan,Red
Poppy,LeeSin,Akali,Jinx,Rell,Mordekaiser,Karthus,Kaisa,Tristana,Pyke,Red
Jax,Khazix,Katarina,Veigar,Soraka,Aatrox,MasterYi,Sylas,Lucian,Nami,Red
Teemo,MasterYi,Skarner,Zeri,Lulu,Ornn,Viego,Akali,Jhin,Alistar,Red
Gangplank,Evelynn,Graves,Tristana,Rell,Aatrox,Morgana,Taliyah,Jhin,Thresh,Red
Zac,Nidalee,Tristana,Varus,Pyke,Gragas,Viego,Cassiopeia,Draven,Nautilus,Blue
Ryze,JarvanIV,Yone,Draven,Ashe,KSante,Brand,Tristana,Varus,Lux,Red
Sejuani,Skarner,Zed,Brand,Sona,Camille,Kindred,Hwei,Jinx,Milio,Red
Kassadin,JarvanIV,Corki,Pyke,Lulu,Fiora,MasterYi,Yasuo,Varus,Thresh,Blue
Viego,Nidalee,Tristana,Zeri,Sona,Sejuani,Kayn,Annie,Kaisa,Pyke,Blue
Camille,Elise,Tristana,Jinx,Thresh,Kled,Taliyah,Lux,Varus,Blitzcrank,Blue
Illaoi,Olaf,Vladimir,Draven,Pyke,Yone,Taliyah,Naafiri,Jinx,Thresh,Blue
Akshan,Hecarim,Akali,Jinx,Milio,Quinn,Nidalee,Hwei,Kalista,Thresh,Red
Kennen,Viego,Tryndamere,Aphelios,Nami,Maokai,Kayn,Xerath,Varus,Karma,Red
Camille,Taliyah,Tryndamere,Jhin,Nautilus,Shen,Brand,Qiyana,KogMaw,Sona,Blue
Tryndamere,Kindred,Akali,Kalista,Leona,Gangplank,Gragas,Irelia,Aphelios,Lulu,Blue
Rumble,LeeSin,Irelia,Kalista,Thresh,Tryndamere,Lillia,Corki,Jinx,Neeko,Red
Gwen,Viego,Renekton,Jhin,Karma,Kayle,Kindred,Taliyah,Draven,Renata,Red
Ornn,Kindred,Heimerdinger,Draven,Nami,Syndra,Udyr,Sylas,Jinx,Soraka,Red
Camille,Vi,Hwei,Jinx,Galio,Mordekaiser,Nidalee,Tristana,Zeri,Rell,Blue
Renekton,Elise,Tristana,Samira,Nautilus,Gragas,Briar,Irelia,Kaisa,Xerath,Red
Varus,Lillia,Tristana,Skarner,Braum,Akali,Vi,Syndra,Jinx,Thresh,Red
Renekton,Skarner,Malzahar,Senna,TahmKench,Quinn,Nidalee,Cassiopeia,Varus,Nautilus,Blue
Camille,Taliyah,Tristana,Varus,Nautilus,Jax,Sylas,Annie,Lucian,Nami,Blue
Sett,Nidalee,Tristana,Varus,Nautilus,Gnar,Sylas,Ryze,Jhin,Nami,Red
Urgot,LeeSin,Nautilus,Caitlyn,Kassadin,TwistedFate,Sylas,Zed,Senna,Ornn,Red
Illaoi,Khazix,Singed,Aphelios,Thresh,Tryndamere,JarvanIV,TwistedFate,Senna,Ornn,Red
Camille,Nidalee,Ahri,Jinx,Nautilus,Malphite,JarvanIV,TwistedFate,Lucian,Nami,Blue
Renekton,Karthus,TwistedFate,Varus,Janna,Quinn,LeeSin,Akali,Jhin,Rell,Red
Jayce,Taliyah,Lucian,Varus,Nautilus,Fiora,LeeSin,Akali,Jhin,Karma,Blue
Tryndamere,Khazix,Vladimir,Ashe,Milio,Teemo,JarvanIV,TwistedFate,Aphelios,Lulu,Red
Yone,Taliyah,Zed,Zeri,Milio,Vayne,Gwen,Corki,Veigar,Rakan,Blue
Poppy,Nunu,Yasuo,Smolder,Alistar,Aatrox,Gragas,Riven,Kalista,Nautilus,Red
Vayne,Graves,Azir,Jhin,Rumble,Malphite,Gragas,Irelia,Draven,Pyke,Red
Fiora,JarvanIV,Yone,Hwei,Thresh,Gragas,Shaco,Tristana,Ezreal,Sona,Red
Jax,Nunu,Hwei,Aphelios,Thresh,Kennen,Kayn,Viego,Draven,Ashe,Blue
Urgot,Graves,Taliyah,Ezreal,Soraka,Riven,Evelynn,Yasuo,Draven,TahmKench,Blue
Renekton,Skarner,Zoe,Draven,Thresh,Camille,Kindred,Kassadin,Jinx,Rell,Red
Vayne,Morgana,Corki,Jhin,Ashe,Tryndamere,Kayn,Taliyah,Karthus,Rell,Red
Camille,Shyvana,Akali,Jhin,Nautilus,Riven,Nidalee,AurelionSol,Ashe,Seraphine,Red
KSante,Skarner,Brand,Kalista,Thresh,Gwen,MonkeyKing,Ahri,Caitlyn,Zac,Red
Warwick,Lillia,Viego,Varus,Thresh,Garen,Graves,Taliyah,Draven,Zac,Red
Malphite,Karthus,Ekko,Corki,Renata,Gwen,Khazix,Akali,Lucian,Milio,Red
Urgot,Diana,Yasuo,Hwei,Zilean,Mordekaiser,Brand,Tristana,Lucian,Nami,Blue
Renekton,Kayn,Syndra,Lucian,Nami,Volibear,Brand,Akshan,Zeri,Ashe,Red
Renekton,Karthus,TwistedFate,Lucian,Nami,Irelia,Diana,Viego,Jinx,Milio,Blue
Jax,Taliyah,Akshan,Nautilus,Draven,Quinn,Karthus,Irelia,Zeri,Lulu,Red
Renekton,Hecarim,Akali,Corki,Varus,Viego,Gragas,Irelia,Aphelios,Nautilus,Red
Aatrox,Talon,Taliyah,Caitlyn,Ashe,TwistedFate,Poppy,Nautilus,Varus,Lux,Red
Garen,Vladimir,LeeSin,Jhin,Rakan,Camille,Lillia,Hwei,Yasuo,Braum,Red
Aatrox,Nidalee,Ekko,Caitlyn,Bard,Kayle,Graves,Sylas,Jhin,Nami,Red
Jayce,JarvanIV,Yasuo,Jinx,Annie,Camille,Nunu,AurelionSol,Kaisa,Alistar,Red
Aatrox,Mordekaiser,Akali,Ashe,Varus,Viego,Khazix,Lux,Sivir,Nami,Red
Renekton,Rengar,Ekko,Zeri,Yuumi,Rumble,FiddleSticks,AurelionSol,Samira,Zac,Blue
Fiora,Shaco,Hwei,Jinx,Rell,Darius,Gragas,Tristana,AurelionSol,Senna,Blue
Vayne,Poppy,Cassiopeia,Jinx,Sona,Varus,LeeSin,Leblanc,Zeri,Karma,Red
Riven,Nidalee,Tristana,Sivir,Annie,Varus,Lillia,Lucian,Kaisa,Nautilus,Blue
Gwen,JarvanIV,Viego,Lucian,Nami,Irelia,Lillia,Yasuo,Aphelios,Pyke,Red
Sett,Brand,Viego,Karthus,Zilean,Vayne,Sejuani,Akshan,Kaisa,Pyke,Blue
Gangplank,Ivern,Azir,Draven,Rell,Vladimir,Viego,Ahri,Kaisa,Alistar,Blue
Irelia,Vi,Fizz,Jhin,Lulu,Renekton,Briar,Xerath,Zeri,Soraka,Blue
Renekton,Zac,Diana,Jhin,Xerath,Illaoi,Khazix,Akali,Senna,Seraphine,Red
Camille,Maokai,Tristana,Jinx,Soraka,Malphite,JarvanIV,Zeri,Ashe,Alistar,Red
Akali,Pantheon,Corki,Kaisa,Rakan,Velkoz,XinZhao,Vayne,Varus,Neeko,Red
TahmKench,Graves,Irelia,Corki,Renata,Vayne,Viego,Akali,Draven,Blitzcrank,Red
Sion,Brand,Tristana,Zeri,Rakan,Zac,Viego,Taliyah,Smolder,Renata,Red
Sion,Nidalee,Poppy,Jinx,Thresh,Zac,Rammus,Viego,Varus,Soraka,Red
Skarner,Ekko,Qiyana,Lucian,Nami,Tristana,Zyra,Aatrox,Aphelios,Rakan,Red
Yasuo,Hecarim,Brand,Jhin,Senna,Viego,Karthus,Irelia,Caitlyn,Galio,Red
Mordekaiser,Graves,Orianna,Corki,Camille,JarvanIV,Kindred,Ahri,Caitlyn,Lux,Blue
Jax,Nidalee,Akshan,Aphelios,Rell,Viego,Kindred,Leblanc,Jinx,TahmKench,Blue
Sion,Shyvana,Taliyah,Aphelios,Janna,Yone,Gragas,Lux,Jinx,Bard,Red
Rengar,Brand,Pyke,Aphelios,Veigar,Darius,Karthus,Syndra,Zeri,Bard,Red
Ryze,Brand,Vladimir,Jhin,Zilean,Yasuo,Gragas,Qiyana,Kalista,Neeko,Blue
Rumble,Ivern,Qiyana,Varus,TwistedFate,Camille,Brand,Jayce,Jinx,Thresh,Red
Renekton,Kindred,Azir,Jinx,Blitzcrank,Vayne,Graves,Ahri,Twitch,Thresh,Red
Teemo,Ahri,Rammus,Kaisa,Thresh,Twitch,Karthus,Ryze,Lucian,Nami,Red
Viego,Taliyah,Ahri,Nilah,Nautilus,Jax,Ekko,Akali,Aphelios,Thresh,Red
Irelia,Lillia,Tristana,Ezreal,Yuumi,Malphite,Diana,Warwick,Varus,Ashe,Red
Olaf,Karthus,Viego,Kaisa,Morgana,Mordekaiser,LeeSin,Tristana,Jhin,Karma,Red
Ornn,Kindred,Annie,Lucian,Nami,Irelia,Taliyah,TwistedFate,Senna,Nautilus,Red
Yone,Brand,Akshan,Jhin,Zyra,Yasuo,LeeSin,Orianna,KogMaw,Neeko,Red
Jax,Nidalee,Talon,Varus,Alistar,Garen,LeeSin,Hwei,Jinx,Lulu,Blue
Skarner,Khazix,Ahri,Senna,Nautilus,Gnar,Rumble,Lucian,Varus,Soraka,Blue
Jax,Nidalee,Leblanc,Draven,Nautilus,Vayne,LeeSin,Taliyah,Lucian,Milio,Blue
Gangplank,Shaco,Akali,Varus,Annie,Renekton,Shen,Syndra,Lucian,Nami,Blue
Garen,Shaco,Sylas,Kalista,Nautilus,Karma,LeeSin,Irelia,Hwei,Rakan,Blue
Skarner,Karthus,Zed,Ezreal,Nami,Belveth,Rumble,Hwei,Lucian,Milio,Red
DrMundo,Kindred,Azir,Kaisa,Pyke,Diana,Jax,AurelionSol,Varus,Thresh,Red
Tristana,Warwick,Zoe,Amumu,Velkoz,Nami,Xerath,MissFortune,Yorick,Aphelios,Red
Zoe,Nidalee,Vi,Nami,Ashe,Riven,Chogath,Kaisa,Kled,Amumu,Red
Aatrox,Skarner,Twitch,Jinx,Blitzcrank,Darius,Gragas,Akshan,Varus,Ashe,Red
Kled,Taliyah,Diana,Draven,Nautilus,Urgot,Shyvana,Tristana,Jinx,Janna,Blue
Jayce,RekSai,Leblanc,Kalista,Soraka,Darius,Belveth,Lissandra,Varus,Rell,Red
Ryze,Lillia,Kled,Varus,Karma,Urgot,Nidalee,Galio,Jinx,Milio,Blue
Aatrox,RekSai,Leblanc,Caitlyn,Rumble,Malphite,XinZhao,Ahri,Lucian,Nami,Red
Rumble,Jax,Urgot,Kalista,Neeko,Fiora,LeeSin,Varus,Zoe,Camille,Red
Camille,Khazix,Ezreal,Morgana,Bard,Rumble,Kayn,TwistedFate,Yasuo,Zac,Blue
TwistedFate,Urgot,Taliyah,Zeri,Lulu,Vayne,Viego,Azir,Kalista,Ashe,Blue
Renekton,XinZhao,Leblanc,KogMaw,Lulu,Jax,Maokai,Tristana,Lucian,Nami,Red
Renekton,Nami,Taliyah,Lucian,Nidalee,Olaf,Hwei,Skarner,Jinx,Camille,Blue
Teemo,Kindred,Kalista,Renekton,Blitzcrank,Jayce,Khazix,Kassadin,Kaisa,Thresh,Red
Teemo,Sejuani,Akali,Draven,Ashe,Renekton,Shen,Ahri,Kalista,Rakan,Blue
Karma,Hwei,Zeri,Orianna,Thresh,Nami,TahmKench,Jhin,Xerath,Vayne,Blue
KSante,Viego,Zoe,Varus,Camille,Riven,Nidalee,Lucian,Kalista,Alistar,Red
Tristana,RekSai,Leblanc,Jinx,Thresh,Camille,Talon,TwistedFate,Lucian,Milio,Blue
Aatrox,Zed,Diana,Aphelios,Thresh,Singed,Udyr,Tryndamere,Draven,Blitzcrank,Red
Aatrox,Talon,Akali,Varus,Nautilus,Jax,Kayn,Galio,Zeri,Alistar,Blue
Camille,Ezreal,Nidalee,Aatrox,Ashe,TwistedFate,Nocturne,Swain,Varus,Blitzcrank,Red
Yone,Elise,Akali,Lucian,Nami,Kled,Karthus,Jayce,Ezreal,Diana,Blue
Irelia,Elise,Taliyah,Jinx,Thresh,Renekton,Rumble,Jayce,Samira,Nautilus,Blue
Jayce,Skarner,Ahri,Kaisa,Blitzcrank,Ornn,Viego,Leblanc,Kalista,Ashe,Blue
